PO_ID,Ordered_Date,Ingredient,Qty,UOM,ETA,Reason
PO-20260201-Bread_g,2026-02-01,Bread_g,1000,g,2026-02-04,Reorder point
PO-20260201-Seafood_g,2026-02-01,Seafood_g,2000,g,2026-02-02,Reorder point
PO-20260201-TomatoSauce_g,2026-02-01,TomatoSauce_g,3500,g,2026-02-02,Reorder point
PO-20260201-WhiteSauce_g,2026-02-01,WhiteSauce_g,1000,g,2026-02-02,Reorder point
PO-20260202-Bread_g,2026-02-02,Bread_g,500,g,2026-02-05,Reorder point
PO-20260202-Lime_g,2026-02-02,Lime_g,1000,g,2026-02-03,Reorder point
PO-20260202-Mint_g,2026-02-02,Mint_g,500,g,2026-02-03,Reorder point
PO-20260202-TomatoSauce_g,2026-02-02,TomatoSauce_g,3000,g,2026-02-03,Reorder point
PO-20260203-Beef_g,2026-02-03,Beef_g,9000,g,2026-02-04,Reorder point
PO-20260203-Bread_g,2026-02-03,Bread_g,1000,g,2026-02-06,Reorder point
PO-20260203-Cream_ml,2026-02-03,Cream_ml,4000,ml,2026-02-05,Reorder point
PO-20260203-Egg_count,2026-02-03,Egg_count,72,count,2026-02-05,Reorder point
PO-20260203-Garlic_g,2026-02-03,Garlic_g,500,g,2026-02-04,Reorder point
PO-20260203-Mozzarella_g,2026-02-03,Mozzarella_g,13500,g,2026-02-05,Reorder point
PO-20260203-Mushroom_g,2026-02-03,Mushroom_g,1500,g,2026-02-04,Reorder point
PO-20260203-Pesto_g,2026-02-03,Pesto_g,1000,g,2026-02-04,Reorder point
PO-20260203-SauceOther_g,2026-02-03,SauceOther_g,10000,g,2026-02-04,Reorder point
PO-20260203-Seafood_g,2026-02-03,Seafood_g,3500,g,2026-02-04,Reorder point
PO-20260203-VegMix_g,2026-02-03,VegMix_g,11000,g,2026-02-04,Reorder point
PO-20260204-Bread_g,2026-02-04,Bread_g,500,g,2026-02-07,Reorder point
PO-20260204-Chicken_g,2026-02-04,Chicken_g,27500,g,2026-02-05,Reorder point
PO-20260204-Milk_ml,2026-02-04,Milk_ml,17000,ml,2026-02-06,Reorder point
PO-20260204-Onion_g,2026-02-04,Onion_g,2000,g,2026-02-05,Reorder point
PO-20260204-TomatoSauce_g,2026-02-04,TomatoSauce_g,5000,g,2026-02-05,Reorder point
PO-20260204-WhiteSauce_g,2026-02-04,WhiteSauce_g,1500,g,2026-02-05,Reorder point
PO-20260205-Bread_g,2026-02-05,Bread_g,500,g,2026-02-08,Reorder point
PO-20260205-Lime_g,2026-02-05,Lime_g,1000,g,2026-02-06,Reorder point
PO-20260205-Parmesan_g,2026-02-05,Parmesan_g,500,g,2026-02-07,Reorder point
PO-20260205-Seafood_g,2026-02-05,Seafood_g,3500,g,2026-02-06,Reorder point
PO-20260205-TomatoSauce_g,2026-02-05,TomatoSauce_g,3000,g,2026-02-06,Reorder point
PO-20260206-Bread_g,2026-02-06,Bread_g,500,g,2026-02-09,Reorder point
PO-20260206-Butter_g,2026-02-06,Butter_g,2500,g,2026-02-08,Reorder point
PO-20260206-Cream_ml,2026-02-06,Cream_ml,4000,ml,2026-02-08,Reorder point
PO-20260206-Egg_count,2026-02-06,Egg_count,72,count,2026-02-08,Reorder point
PO-20260206-Mozzarella_g,2026-02-06,Mozzarella_g,13000,g,2026-02-08,Reorder point
PO-20260206-Mushroom_g,2026-02-06,Mushroom_g,1500,g,2026-02-07,Reorder point
PO-20260206-Seafood_g,2026-02-06,Seafood_g,1500,g,2026-02-07,Reorder point
PO-20260206-WhiteSauce_g,2026-02-06,WhiteSauce_g,1500,g,2026-02-07,Reorder point
PO-20260207-Beef_g,2026-02-07,Beef_g,8000,g,2026-02-08,Reorder point
PO-20260207-Bread_g,2026-02-07,Bread_g,1500,g,2026-02-10,Reorder point
PO-20260207-Chicken_g,2026-02-07,Chicken_g,22000,g,2026-02-08,Reorder point
PO-20260207-Lime_g,2026-02-07,Lime_g,500,g,2026-02-08,Reorder point
PO-20260207-Milk_ml,2026-02-07,Milk_ml,16000,ml,2026-02-09,Reorder point
PO-20260207-Mint_g,2026-02-07,Mint_g,500,g,2026-02-08,Reorder point
PO-20260207-Pesto_g,2026-02-07,Pesto_g,1000,g,2026-02-08,Reorder point
PO-20260207-SauceOther_g,2026-02-07,SauceOther_g,11500,g,2026-02-08,Reorder point
PO-20260207-TomatoSauce_g,2026-02-07,TomatoSauce_g,4000,g,2026-02-08,Reorder point
PO-20260207-VegMix_g,2026-02-07,VegMix_g,13000,g,2026-02-08,Reorder point
PO-20260208-Bread_g,2026-02-08,Bread_g,500,g,2026-02-11,Reorder point
PO-20260208-Garlic_g,2026-02-08,Garlic_g,500,g,2026-02-09,Reorder point
PO-20260208-Onion_g,2026-02-08,Onion_g,2000,g,2026-02-09,Reorder point
PO-20260208-Pork_g,2026-02-08,Pork_g,9500,g,2026-02-11,Reorder point
PO-20260208-Potato_g,2026-02-08,Potato_g,52500,g,2026-02-11,Reorder point
PO-20260208-Seafood_g,2026-02-08,Seafood_g,3000,g,2026-02-09,Reorder point
PO-20260208-TomatoSauce_g,2026-02-08,TomatoSauce_g,3000,g,2026-02-09,Reorder point
PO-20260208-WhiteSauce_g,2026-02-08,WhiteSauce_g,1000,g,2026-02-09,Reorder point
EMERG-20260209-Bread_g,2026-02-09,Bread_g,2500,g,2026-02-09,Stockout emergency
PO-20260209-Lime_g,2026-02-09,Lime_g,1000,g,2026-02-10,Reorder point
PO-20260209-Pita_g,2026-02-09,Pita_g,3000,g,2026-02-12,Reorder point
PO-20260209-Salmon_g,2026-02-09,Salmon_g,9000,g,2026-02-12,Reorder point
PO-20260210-Beef_g,2026-02-10,Beef_g,9500,g,2026-02-11,Reorder point
PO-20260210-Cream_ml,2026-02-10,Cream_ml,4000,ml,2026-02-12,Reorder point
PO-20260210-Egg_count,2026-02-10,Egg_count,72,count,2026-02-12,Reorder point
PO-20260210-Milk_ml,2026-02-10,Milk_ml,13000,ml,2026-02-12,Reorder point
PO-20260210-Mozzarella_g,2026-02-10,Mozzarella_g,16000,g,2026-02-12,Reorder point
PO-20260210-SauceOther_g,2026-02-10,SauceOther_g,10000,g,2026-02-11,Reorder point
PO-20260210-Seafood_g,2026-02-10,Seafood_g,3000,g,2026-02-11,Reorder point
PO-20260210-TomatoSauce_g,2026-02-10,TomatoSauce_g,5500,g,2026-02-11,Reorder point
PO-20260210-VegMix_g,2026-02-10,VegMix_g,11000,g,2026-02-11,Reorder point
PO-20260211-Bread_g,2026-02-11,Bread_g,500,g,2026-02-14,Reorder point
PO-20260211-Chicken_g,2026-02-11,Chicken_g,25000,g,2026-02-12,Reorder point
PO-20260211-Parmesan_g,2026-02-11,Parmesan_g,500,g,2026-02-13,Reorder point
PO-20260211-Pesto_g,2026-02-11,Pesto_g,1000,g,2026-02-12,Reorder point
PO-20260211-WhiteSauce_g,2026-02-11,WhiteSauce_g,1500,g,2026-02-12,Reorder point
PO-20260212-Bread_g,2026-02-12,Bread_g,1500,g,2026-02-15,Reorder point
PO-20260212-Mint_g,2026-02-12,Mint_g,500,g,2026-02-13,Reorder point
PO-20260212-Mushroom_g,2026-02-12,Mushroom_g,2000,g,2026-02-13,Reorder point
PO-20260213-Bread_g,2026-02-13,Bread_g,500,g,2026-02-16,Reorder point
PO-20260213-Seafood_g,2026-02-13,Seafood_g,4500,g,2026-02-14,Reorder point
EMERG-20260214-Bread_g,2026-02-14,Bread_g,3000,g,2026-02-14,Stockout emergency
PO-20260214-Garlic_g,2026-02-14,Garlic_g,1000,g,2026-02-15,Reorder point
PO-20260214-Lime_g,2026-02-14,Lime_g,1500,g,2026-02-15,Reorder point
PO-20260214-Milk_ml,2026-02-14,Milk_ml,16000,ml,2026-02-16,Reorder point
PO-20260214-Onion_g,2026-02-14,Onion_g,2500,g,2026-02-15,Reorder point
PO-20260214-TomatoSauce_g,2026-02-14,TomatoSauce_g,6000,g,2026-02-15,Reorder point
PO-20260214-VegMix_g,2026-02-14,VegMix_g,10500,g,2026-02-15,Reorder point
PO-20260214-WhiteSauce_g,2026-02-14,WhiteSauce_g,1500,g,2026-02-15,Reorder point
PO-20260215-Beef_g,2026-02-15,Beef_g,12000,g,2026-02-16,Reorder point
PO-20260215-Chicken_g,2026-02-15,Chicken_g,25000,g,2026-02-16,Reorder point
PO-20260215-Cream_ml,2026-02-15,Cream_ml,4000,ml,2026-02-17,Reorder point
PO-20260215-Egg_count,2026-02-15,Egg_count,72,count,2026-02-17,Reorder point
PO-20260215-Seafood_g,2026-02-15,Seafood_g,2500,g,2026-02-16,Reorder point
PO-20260216-Bread_g,2026-02-16,Bread_g,500,g,2026-02-19,Reorder point
PO-20260216-Seafood_g,2026-02-16,Seafood_g,2000,g,2026-02-17,Reorder point
PO-20260217-Bread_g,2026-02-17,Bread_g,1500,g,2026-02-20,Reorder point
PO-20260217-Milk_ml,2026-02-17,Milk_ml,13000,ml,2026-02-19,Reorder point
PO-20260217-Mint_g,2026-02-17,Mint_g,500,g,2026-02-18,Reorder point
PO-20260217-Pesto_g,2026-02-17,Pesto_g,1500,g,2026-02-18,Reorder point
PO-20260217-WhiteSauce_g,2026-02-17,WhiteSauce_g,1500,g,2026-02-18,Reorder point
EMERG-20260218-Bread_g,2026-02-18,Bread_g,2500,g,2026-02-18,Stockout emergency
PO-20260218-Butter_g,2026-02-18,Butter_g,2000,g,2026-02-20,Reorder point
PO-20260218-Mozzarella_g,2026-02-18,Mozzarella_g,14500,g,2026-02-20,Reorder point
PO-20260218-Mushroom_g,2026-02-18,Mushroom_g,2000,g,2026-02-19,Reorder point
PO-20260218-SauceOther_g,2026-02-18,SauceOther_g,15500,g,2026-02-19,Reorder point
PO-20260218-Seafood_g,2026-02-18,Seafood_g,2500,g,2026-02-19,Reorder point
PO-20260218-TomatoSauce_g,2026-02-18,TomatoSauce_g,4500,g,2026-02-19,Reorder point
PO-20260219-Chicken_g,2026-02-19,Chicken_g,22000,g,2026-02-20,Reorder point
PO-20260219-Cream_ml,2026-02-19,Cream_ml,4000,ml,2026-02-21,Reorder point
PO-20260219-Lime_g,2026-02-19,Lime_g,1500,g,2026-02-20,Reorder point
PO-20260219-Seafood_g,2026-02-19,Seafood_g,2000,g,2026-02-20,Reorder point
PO-20260219-TomatoSauce_g,2026-02-19,TomatoSauce_g,3500,g,2026-02-20,Reorder point
PO-20260219-VegMix_g,2026-02-19,VegMix_g,12000,g,2026-02-20,Reorder point
PO-20260220-Beef_g,2026-02-20,Beef_g,12000,g,2026-02-21,Reorder point
PO-20260220-Bread_g,2026-02-20,Bread_g,500,g,2026-02-23,Reorder point
PO-20260220-Garlic_g,2026-02-20,Garlic_g,1000,g,2026-02-21,Reorder point
PO-20260220-Onion_g,2026-02-20,Onion_g,2500,g,2026-02-21,Reorder point
PO-20260220-Pork_g,2026-02-20,Pork_g,10000,g,2026-02-23,Reorder point
PO-20260220-WhiteSauce_g,2026-02-20,WhiteSauce_g,1500,g,2026-02-21,Reorder point
PO-20260221-Bread_g,2026-02-21,Bread_g,500,g,2026-02-24,Reorder point
PO-20260221-Chicken_g,2026-02-21,Chicken_g,20500,g,2026-02-22,Reorder point
PO-20260221-Chocolate_g,2026-02-21,Chocolate_g,9000,g,2026-02-24,Reorder point
PO-20260221-Egg_count,2026-02-21,Egg_count,84,count,2026-02-23,Reorder point
PO-20260221-Lime_g,2026-02-21,Lime_g,500,g,2026-02-22,Reorder point
PO-20260221-Milk_ml,2026-02-21,Milk_ml,16000,ml,2026-02-23,Reorder point
PO-20260221-Potato_g,2026-02-21,Potato_g,54500,g,2026-02-24,Reorder point
PO-20260221-Salmon_g,2026-02-21,Salmon_g,9000,g,2026-02-24,Reorder point
PO-20260221-Seafood_g,2026-02-21,Seafood_g,3000,g,2026-02-22,Reorder point
PO-20260221-TomatoSauce_g,2026-02-21,TomatoSauce_g,5000,g,2026-02-22,Reorder point
PO-20260222-Bread_g,2026-02-22,Bread_g,1500,g,2026-02-25,Reorder point
PO-20260222-Mint_g,2026-02-22,Mint_g,500,g,2026-02-23,Reorder point
PO-20260222-Mozzarella_g,2026-02-22,Mozzarella_g,17000,g,2026-02-24,Reorder point
PO-20260222-Mushroom_g,2026-02-22,Mushroom_g,1500,g,2026-02-23,Reorder point
PO-20260222-Parmesan_g,2026-02-22,Parmesan_g,500,g,2026-02-24,Reorder point
PO-20260222-Pesto_g,2026-02-22,Pesto_g,1000,g,2026-02-23,Reorder point
PO-20260222-Pita_g,2026-02-22,Pita_g,3000,g,2026-02-25,Reorder point
PO-20260222-SauceOther_g,2026-02-22,SauceOther_g,12500,g,2026-02-23,Reorder point
PO-20260222-Seafood_g,2026-02-22,Seafood_g,2000,g,2026-02-23,Reorder point
PO-20260222-TomatoSauce_g,2026-02-22,TomatoSauce_g,4000,g,2026-02-23,Reorder point
PO-20260222-VegMix_g,2026-02-22,VegMix_g,13000,g,2026-02-23,Reorder point
PO-20260222-WhiteSauce_g,2026-02-22,WhiteSauce_g,1500,g,2026-02-23,Reorder point
PO-20260223-Beef_g,2026-02-23,Beef_g,9500,g,2026-02-24,Reorder point
PO-20260223-Bread_g,2026-02-23,Bread_g,500,g,2026-02-26,Reorder point
PO-20260223-Cream_ml,2026-02-23,Cream_ml,4000,ml,2026-02-25,Reorder point
PO-20260223-Lime_g,2026-02-23,Lime_g,500,g,2026-02-24,Reorder point
PO-20260223-Onion_g,2026-02-23,Onion_g,1500,g,2026-02-24,Reorder point
PO-20260223-Seafood_g,2026-02-23,Seafood_g,2500,g,2026-02-24,Reorder point
PO-20260223-Sugar_g,2026-02-23,Sugar_g,11500,g,2026-02-26,Reorder point
EMERG-20260224-Bread_g,2026-02-24,Bread_g,2500,g,2026-02-24,Stockout emergency
PO-20260224-CookingOil_g,2026-02-24,CookingOil_g,24500,g,2026-02-27,Reorder point
PO-20260224-Flour_g,2026-02-24,Flour_g,153500,g,2026-02-27,Reorder point
PO-20260224-Milk_ml,2026-02-24,Milk_ml,13000,ml,2026-02-26,Reorder point
PO-20260224-OliveOil_g,2026-02-24,OliveOil_g,8000,g,2026-02-27,Reorder point
PO-20260224-Soda_ml,2026-02-24,Soda_ml,334000,ml,2026-02-27,Reorder point
PO-20260224-TomatoSauce_g,2026-02-24,TomatoSauce_g,5500,g,2026-02-25,Reorder point
PO-20260224-WhiteSauce_g,2026-02-24,WhiteSauce_g,1000,g,2026-02-25,Reorder point
PO-20260225-Butter_g,2026-02-25,Butter_g,2000,g,2026-02-27,Reorder point
PO-20260225-Chicken_g,2026-02-25,Chicken_g,23500,g,2026-02-26,Reorder point
PO-20260225-Lime_g,2026-02-25,Lime_g,500,g,2026-02-26,Reorder point
PO-20260225-Seafood_g,2026-02-25,Seafood_g,2500,g,2026-02-26,Reorder point
PO-20260226-Anchovy_g,2026-02-26,Anchovy_g,1000,g,2026-03-01,Reorder point
PO-20260226-Bread_g,2026-02-26,Bread_g,500,g,2026-03-01,Reorder point
PO-20260226-Egg_count,2026-02-26,Egg_count,84,count,2026-02-28,Reorder point
PO-20260226-Garlic_g,2026-02-26,Garlic_g,1000,g,2026-02-27,Reorder point
PO-20260226-Mozzarella_g,2026-02-26,Mozzarella_g,15500,g,2026-02-28,Reorder point
PO-20260226-Pesto_g,2026-02-26,Pesto_g,1000,g,2026-02-27,Reorder point
PO-20260226-SauceOther_g,2026-02-26,SauceOther_g,12500,g,2026-02-27,Reorder point
PO-20260226-Seafood_g,2026-02-26,Seafood_g,2000,g,2026-02-27,Reorder point
PO-20260226-TomatoSauce_g,2026-02-26,TomatoSauce_g,4500,g,2026-02-27,Reorder point
PO-20260226-VegMix_g,2026-02-26,VegMix_g,13000,g,2026-02-27,Reorder point
PO-20260226-WhiteSauce_g,2026-02-26,WhiteSauce_g,1000,g,2026-02-27,Reorder point
PO-20260227-Beef_g,2026-02-27,Beef_g,10000,g,2026-02-28,Reorder point
PO-20260227-Bread_g,2026-02-27,Bread_g,1500,g,2026-03-02,Reorder point
PO-20260227-Cream_ml,2026-02-27,Cream_ml,4000,ml,2026-03-01,Reorder point
PO-20260227-Lime_g,2026-02-27,Lime_g,1000,g,2026-02-28,Reorder point
PO-20260227-Mint_g,2026-02-27,Mint_g,500,g,2026-02-28,Reorder point
PO-20260227-Mushroom_g,2026-02-27,Mushroom_g,1500,g,2026-02-28,Reorder point
PO-20260227-Onion_g,2026-02-27,Onion_g,2000,g,2026-02-28,Reorder point
PO-20260227-Seafood_g,2026-02-27,Seafood_g,3000,g,2026-02-28,Reorder point
PO-20260227-TomatoSauce_g,2026-02-27,TomatoSauce_g,3000,g,2026-02-28,Reorder point
EMERG-20260228-Bread_g,2026-02-28,Bread_g,3000,g,2026-02-28,Stockout emergency
PO-20260228-Chicken_g,2026-02-28,Chicken_g,24000,g,2026-03-01,Reorder point
PO-20260228-Milk_ml,2026-02-28,Milk_ml,17000,ml,2026-03-02,Reorder point
PO-20260228-Salmon_g,2026-02-28,Salmon_g,9500,g,2026-03-03,Reorder point
PO-20260228-Seafood_g,2026-02-28,Seafood_g,2500,g,2026-03-01,Reorder point
PO-20260228-TomatoSauce_g,2026-02-28,TomatoSauce_g,3500,g,2026-03-01,Reorder point
PO-20260228-WhiteSauce_g,2026-02-28,WhiteSauce_g,500,g,2026-03-01,Reorder point
PO-20260301-Egg_count,2026-03-01,Egg_count,72,count,2026-03-03,Reorder point
PO-20260301-Mozzarella_g,2026-03-01,Mozzarella_g,13500,g,2026-03-03,Reorder point
PO-20260301-Pita_g,2026-03-01,Pita_g,3000,g,2026-03-04,Reorder point
PO-20260301-Pork_g,2026-03-01,Pork_g,10000,g,2026-03-04,Reorder point
PO-20260301-Potato_g,2026-03-01,Potato_g,52500,g,2026-03-04,Reorder point
PO-20260301-SauceOther_g,2026-03-01,SauceOther_g,11000,g,2026-03-02,Reorder point
PO-20260301-Spirits_ml,2026-03-01,Spirits_ml,34000,ml,2026-03-06,Reorder point
PO-20260301-VegMix_g,2026-03-01,VegMix_g,11000,g,2026-03-02,Reorder point
PO-20260301-WhiteSauce_g,2026-03-01,WhiteSauce_g,1000,g,2026-03-02,Reorder point
PO-20260301-Wine_ml,2026-03-01,Wine_ml,50000,ml,2026-03-06,Reorder point
PO-20260302-Bread_g,2026-03-02,Bread_g,500,g,2026-03-05,Reorder point
PO-20260302-Seafood_g,2026-03-02,Seafood_g,2000,g,2026-03-03,Reorder point
PO-20260303-Bread_g,2026-03-03,Bread_g,500,g,2026-03-06,Reorder point
PO-20260303-Butter_g,2026-03-03,Butter_g,2000,g,2026-03-05,Reorder point
PO-20260303-Lime_g,2026-03-03,Lime_g,1000,g,2026-03-04,Reorder point
PO-20260303-Parmesan_g,2026-03-03,Parmesan_g,500,g,2026-03-05,Reorder point
PO-20260303-Pesto_g,2026-03-03,Pesto_g,1000,g,2026-03-04,Reorder point
PO-20260303-Seafood_g,2026-03-03,Seafood_g,2500,g,2026-03-04,Reorder point
PO-20260303-Soju_ml,2026-03-03,Soju_ml,99000,ml,2026-03-08,Reorder point
PO-20260303-TomatoSauce_g,2026-03-03,TomatoSauce_g,5000,g,2026-03-04,Reorder point
PO-20260304-Beef_g,2026-03-04,Beef_g,12000,g,2026-03-05,Reorder point
PO-20260304-Beer_ml,2026-03-04,Beer_ml,453000,ml,2026-03-09,Reorder point
PO-20260304-Bread_g,2026-03-04,Bread_g,1500,g,2026-03-07,Reorder point
PO-20260304-Chicken_g,2026-03-04,Chicken_g,23500,g,2026-03-05,Reorder point
PO-20260304-Cream_ml,2026-03-04,Cream_ml,4000,ml,2026-03-06,Reorder point
PO-20260304-Garlic_g,2026-03-04,Garlic_g,1000,g,2026-03-05,Reorder point
PO-20260304-Milk_ml,2026-03-04,Milk_ml,15000,ml,2026-03-06,Reorder point
PO-20260304-Mint_g,2026-03-04,Mint_g,500,g,2026-03-05,Reorder point
PO-20260304-Onion_g,2026-03-04,Onion_g,2000,g,2026-03-05,Reorder point
PO-20260304-WhiteSauce_g,2026-03-04,WhiteSauce_g,1500,g,2026-03-05,Reorder point
EMERG-20260305-Bread_g,2026-03-05,Bread_g,2500,g,2026-03-05,Stockout emergency
PO-20260305-Lime_g,2026-03-05,Lime_g,500,g,2026-03-06,Reorder point
PO-20260305-Mushroom_g,2026-03-05,Mushroom_g,2000,g,2026-03-06,Reorder point
PO-20260305-Seafood_g,2026-03-05,Seafood_g,2500,g,2026-03-06,Reorder point
PO-20260305-TomatoSauce_g,2026-03-05,TomatoSauce_g,4500,g,2026-03-06,Reorder point
PO-20260306-Egg_count,2026-03-06,Egg_count,84,count,2026-03-08,Reorder point
PO-20260306-Mozzarella_g,2026-03-06,Mozzarella_g,14500,g,2026-03-08,Reorder point
PO-20260306-SauceOther_g,2026-03-06,SauceOther_g,10500,g,2026-03-07,Reorder point
PO-20260306-Seafood_g,2026-03-06,Seafood_g,2000,g,2026-03-07,Reorder point
PO-20260306-VegMix_g,2026-03-06,VegMix_g,11500,g,2026-03-07,Reorder point
PO-20260307-Bread_g,2026-03-07,Bread_g,500,g,2026-03-10,Reorder point
PO-20260307-Chicken_g,2026-03-07,Chicken_g,28000,g,2026-03-08,Reorder point
PO-20260307-Lime_g,2026-03-07,Lime_g,1000,g,2026-03-08,Reorder point
PO-20260307-Milk_ml,2026-03-07,Milk_ml,15000,ml,2026-03-09,Reorder point
PO-20260307-Pesto_g,2026-03-07,Pesto_g,1000,g,2026-03-08,Reorder point
PO-20260307-TomatoSauce_g,2026-03-07,TomatoSauce_g,5500,g,2026-03-08,Reorder point
PO-20260307-WhiteSauce_g,2026-03-07,WhiteSauce_g,1500,g,2026-03-08,Reorder point
PO-20260308-Beef_g,2026-03-08,Beef_g,8000,g,2026-03-09,Reorder point
PO-20260308-Bread_g,2026-03-08,Bread_g,1000,g,2026-03-11,Reorder point
PO-20260308-Cream_ml,2026-03-08,Cream_ml,4000,ml,2026-03-10,Reorder point
PO-20260308-Onion_g,2026-03-08,Onion_g,2500,g,2026-03-09,Reorder point
PO-20260308-Salmon_g,2026-03-08,Salmon_g,9500,g,2026-03-11,Reorder point
PO-20260308-Seafood_g,2026-03-08,Seafood_g,3000,g,2026-03-09,Reorder point
PO-20260309-Bread_g,2026-03-09,Bread_g,1000,g,2026-03-12,Reorder point
PO-20260309-Lime_g,2026-03-09,Lime_g,500,g,2026-03-10,Reorder point
PO-20260309-Mint_g,2026-03-09,Mint_g,500,g,2026-03-10,Reorder point
PO-20260309-Mozzarella_g,2026-03-09,Mozzarella_g,13000,g,2026-03-11,Reorder point
PO-20260309-Mushroom_g,2026-03-09,Mushroom_g,1500,g,2026-03-10,Reorder point
PO-20260309-SauceOther_g,2026-03-09,SauceOther_g,10000,g,2026-03-10,Reorder point
PO-20260309-Seafood_g,2026-03-09,Seafood_g,2000,g,2026-03-10,Reorder point
PO-20260309-TomatoSauce_g,2026-03-09,TomatoSauce_g,5500,g,2026-03-10,Reorder point
PO-20260309-VegMix_g,2026-03-09,VegMix_g,13000,g,2026-03-10,Reorder point
EMERG-20260310-Bread_g,2026-03-10,Bread_g,2500,g,2026-03-10,Stockout emergency
PO-20260310-Butter_g,2026-03-10,Butter_g,2000,g,2026-03-12,Reorder point
PO-20260310-Chicken_g,2026-03-10,Chicken_g,24500,g,2026-03-11,Reorder point
PO-20260310-Egg_count,2026-03-10,Egg_count,84,count,2026-03-12,Reorder point
PO-20260310-Garlic_g,2026-03-10,Garlic_g,1000,g,2026-03-11,Reorder point
PO-20260310-Pesto_g,2026-03-10,Pesto_g,1000,g,2026-03-11,Reorder point
PO-20260310-Potato_g,2026-03-10,Potato_g,51000,g,2026-03-13,Reorder point
PO-20260310-WhiteSauce_g,2026-03-10,WhiteSauce_g,1500,g,2026-03-11,Reorder point
PO-20260311-Beef_g,2026-03-11,Beef_g,8000,g,2026-03-12,Reorder point
PO-20260311-Lime_g,2026-03-11,Lime_g,1000,g,2026-03-12,Reorder point
PO-20260311-Milk_ml,2026-03-11,Milk_ml,14000,ml,2026-03-13,Reorder point
PO-20260311-Parmesan_g,2026-03-11,Parmesan_g,500,g,2026-03-13,Reorder point
PO-20260311-Pork_g,2026-03-11,Pork_g,10500,g,2026-03-14,Reorder point
PO-20260311-Seafood_g,2026-03-11,Seafood_g,2500,g,2026-03-12,Reorder point
PO-20260311-TomatoSauce_g,2026-03-11,TomatoSauce_g,6000,g,2026-03-12,Reorder point
PO-20260312-Bread_g,2026-03-12,Bread_g,500,g,2026-03-15,Reorder point
PO-20260312-Cream_ml,2026-03-12,Cream_ml,4000,ml,2026-03-14,Reorder point
PO-20260312-Mozzarella_g,2026-03-12,Mozzarella_g,13500,g,2026-03-14,Reorder point
PO-20260312-Mushroom_g,2026-03-12,Mushroom_g,1500,g,2026-03-13,Reorder point
PO-20260312-Onion_g,2026-03-12,Onion_g,2000,g,2026-03-13,Reorder point
PO-20260312-Seafood_g,2026-03-12,Seafood_g,2000,g,2026-03-13,Reorder point
PO-20260312-WhiteSauce_g,2026-03-12,WhiteSauce_g,1000,g,2026-03-13,Reorder point
PO-20260313-Bread_g,2026-03-13,Bread_g,1000,g,2026-03-16,Reorder point
PO-20260313-SauceOther_g,2026-03-13,SauceOther_g,10500,g,2026-03-14,Reorder point
PO-20260313-Seafood_g,2026-03-13,Seafood_g,3500,g,2026-03-14,Reorder point
PO-20260313-TomatoSauce_g,2026-03-13,TomatoSauce_g,4500,g,2026-03-14,Reorder point
PO-20260313-VegMix_g,2026-03-13,VegMix_g,12000,g,2026-03-14,Reorder point
PO-20260314-Bread_g,2026-03-14,Bread_g,1000,g,2026-03-17,Reorder point
PO-20260314-Chicken_g,2026-03-14,Chicken_g,27500,g,2026-03-15,Reorder point
PO-20260314-Egg_count,2026-03-14,Egg_count,72,count,2026-03-16,Reorder point
PO-20260314-Lime_g,2026-03-14,Lime_g,1000,g,2026-03-15,Reorder point
PO-20260314-Milk_ml,2026-03-14,Milk_ml,15000,ml,2026-03-16,Reorder point
PO-20260314-Mint_g,2026-03-14,Mint_g,500,g,2026-03-15,Reorder point
PO-20260314-Pesto_g,2026-03-14,Pesto_g,1000,g,2026-03-15,Reorder point
PO-20260314-Pita_g,2026-03-14,Pita_g,3000,g,2026-03-17,Reorder point
PO-20260314-Seafood_g,2026-03-14,Seafood_g,2000,g,2026-03-15,Reorder point
PO-20260314-TomatoSauce_g,2026-03-14,TomatoSauce_g,3000,g,2026-03-15,Reorder point
PO-20260314-WhiteSauce_g,2026-03-14,WhiteSauce_g,1000,g,2026-03-15,Reorder point
EMERG-20260315-Bread_g,2026-03-15,Bread_g,2500,g,2026-03-15,Stockout emergency
PO-20260315-Mozzarella_g,2026-03-15,Mozzarella_g,13000,g,2026-03-17,Reorder point
PO-20260315-Mushroom_g,2026-03-15,Mushroom_g,1500,g,2026-03-16,Reorder point
PO-20260315-TomatoSauce_g,2026-03-15,TomatoSauce_g,3500,g,2026-03-16,Reorder point
PO-20260316-Beef_g,2026-03-16,Beef_g,12000,g,2026-03-17,Reorder point
PO-20260316-Garlic_g,2026-03-16,Garlic_g,1000,g,2026-03-17,Reorder point
PO-20260316-Lime_g,2026-03-16,Lime_g,500,g,2026-03-17,Reorder point
PO-20260316-Seafood_g,2026-03-16,Seafood_g,3000,g,2026-03-17,Reorder point
PO-20260316-Soda_ml,2026-03-16,Soda_ml,323000,ml,2026-03-19,Reorder point
PO-20260316-WhiteSauce_g,2026-03-16,WhiteSauce_g,1000,g,2026-03-17,Reorder point
PO-20260317-Bread_g,2026-03-17,Bread_g,500,g,2026-03-20,Reorder point
PO-20260317-Butter_g,2026-03-17,Butter_g,2000,g,2026-03-19,Reorder point
PO-20260317-Chocolate_g,2026-03-17,Chocolate_g,9000,g,2026-03-20,Reorder point
PO-20260317-CookingOil_g,2026-03-17,CookingOil_g,25000,g,2026-03-20,Reorder point
PO-20260317-Cream_ml,2026-03-17,Cream_ml,4000,ml,2026-03-19,Reorder point
PO-20260317-Flour_g,2026-03-17,Flour_g,152500,g,2026-03-20,Reorder point
PO-20260317-Onion_g,2026-03-17,Onion_g,2000,g,2026-03-18,Reorder point
PO-20260317-Salmon_g,2026-03-17,Salmon_g,9000,g,2026-03-20,Reorder point
PO-20260317-SauceOther_g,2026-03-17,SauceOther_g,11000,g,2026-03-18,Reorder point
PO-20260317-Sugar_g,2026-03-17,Sugar_g,12000,g,2026-03-20,Reorder point
PO-20260317-TomatoSauce_g,2026-03-17,TomatoSauce_g,4500,g,2026-03-18,Reorder point
PO-20260317-VegMix_g,2026-03-17,VegMix_g,12500,g,2026-03-18,Reorder point
PO-20260318-Bread_g,2026-03-18,Bread_g,1000,g,2026-03-21,Reorder point
PO-20260318-Chicken_g,2026-03-18,Chicken_g,25500,g,2026-03-19,Reorder point
PO-20260318-Egg_count,2026-03-18,Egg_count,72,count,2026-03-20,Reorder point
PO-20260318-Lime_g,2026-03-18,Lime_g,500,g,2026-03-19,Reorder point
PO-20260318-Milk_ml,2026-03-18,Milk_ml,14000,ml,2026-03-20,Reorder point
PO-20260318-Seafood_g,2026-03-18,Seafood_g,3000,g,2026-03-19,Reorder point
PO-20260318-TomatoSauce_g,2026-03-18,TomatoSauce_g,3000,g,2026-03-19,Reorder point
PO-20260318-WhiteSauce_g,2026-03-18,WhiteSauce_g,1000,g,2026-03-19,Reorder point
PO-20260319-Beef_g,2026-03-19,Beef_g,8000,g,2026-03-20,Reorder point
PO-20260319-Bread_g,2026-03-19,Bread_g,1000,g,2026-03-22,Reorder point
PO-20260319-Mint_g,2026-03-19,Mint_g,500,g,2026-03-20,Reorder point
PO-20260319-Mozzarella_g,2026-03-19,Mozzarella_g,15000,g,2026-03-21,Reorder point
PO-20260319-OliveOil_g,2026-03-19,OliveOil_g,8000,g,2026-03-22,Reorder point
PO-20260319-Parmesan_g,2026-03-19,Parmesan_g,500,g,2026-03-21,Reorder point
PO-20260319-Pesto_g,2026-03-19,Pesto_g,1000,g,2026-03-20,Reorder point
PO-20260319-Potato_g,2026-03-19,Potato_g,54500,g,2026-03-22,Reorder point
EMERG-20260320-Bread_g,2026-03-20,Bread_g,3000,g,2026-03-20,Stockout emergency
PO-20260320-Cream_ml,2026-03-20,Cream_ml,4000,ml,2026-03-22,Reorder point
PO-20260320-Lime_g,2026-03-20,Lime_g,1000,g,2026-03-21,Reorder point
PO-20260320-Mushroom_g,2026-03-20,Mushroom_g,1500,g,2026-03-21,Reorder point
PO-20260320-Onion_g,2026-03-20,Onion_g,1500,g,2026-03-21,Reorder point
PO-20260320-Pork_g,2026-03-20,Pork_g,10000,g,2026-03-23,Reorder point
PO-20260320-Seafood_g,2026-03-20,Seafood_g,2500,g,2026-03-21,Reorder point
PO-20260320-TomatoSauce_g,2026-03-20,TomatoSauce_g,5000,g,2026-03-21,Reorder point
PO-20260320-WhiteSauce_g,2026-03-20,WhiteSauce_g,500,g,2026-03-21,Reorder point
PO-20260321-Anchovy_g,2026-03-21,Anchovy_g,1000,g,2026-03-24,Reorder point
PO-20260321-Chicken_g,2026-03-21,Chicken_g,24000,g,2026-03-22,Reorder point
PO-20260321-Milk_ml,2026-03-21,Milk_ml,15000,ml,2026-03-23,Reorder point
PO-20260321-SauceOther_g,2026-03-21,SauceOther_g,12000,g,2026-03-22,Reorder point
PO-20260321-Seafood_g,2026-03-21,Seafood_g,2000,g,2026-03-22,Reorder point
PO-20260321-TomatoSauce_g,2026-03-21,TomatoSauce_g,3000,g,2026-03-22,Reorder point
PO-20260321-VegMix_g,2026-03-21,VegMix_g,13000,g,2026-03-22,Reorder point
PO-20260321-WhiteSauce_g,2026-03-21,WhiteSauce_g,1000,g,2026-03-22,Reorder point
PO-20260322-Beef_g,2026-03-22,Beef_g,8000,g,2026-03-23,Reorder point
PO-20260322-Bread_g,2026-03-22,Bread_g,500,g,2026-03-25,Reorder point
PO-20260322-Egg_count,2026-03-22,Egg_count,72,count,2026-03-24,Reorder point
PO-20260322-Garlic_g,2026-03-22,Garlic_g,1000,g,2026-03-23,Reorder point
PO-20260322-Mozzarella_g,2026-03-22,Mozzarella_g,13500,g,2026-03-24,Reorder point
PO-20260322-Pesto_g,2026-03-22,Pesto_g,1000,g,2026-03-23,Reorder point
PO-20260322-Pita_g,2026-03-22,Pita_g,3000,g,2026-03-25,Reorder point
PO-20260322-Seafood_g,2026-03-22,Seafood_g,2000,g,2026-03-23,Reorder point
PO-20260322-TomatoSauce_g,2026-03-22,TomatoSauce_g,3000,g,2026-03-23,Reorder point
PO-20260323-Bread_g,2026-03-23,Bread_g,1000,g,2026-03-26,Reorder point
PO-20260323-Lime_g,2026-03-23,Lime_g,1000,g,2026-03-24,Reorder point
PO-20260323-Onion_g,2026-03-23,Onion_g,1500,g,2026-03-24,Reorder point
PO-20260323-WhiteSauce_g,2026-03-23,WhiteSauce_g,1000,g,2026-03-24,Reorder point
PO-20260324-Bread_g,2026-03-24,Bread_g,1000,g,2026-03-27,Reorder point
PO-20260324-Mint_g,2026-03-24,Mint_g,500,g,2026-03-25,Reorder point
PO-20260324-Mushroom_g,2026-03-24,Mushroom_g,1500,g,2026-03-25,Reorder point
PO-20260324-SauceOther_g,2026-03-24,SauceOther_g,9500,g,2026-03-25,Reorder point
PO-20260324-Seafood_g,2026-03-24,Seafood_g,2500,g,2026-03-25,Reorder point
PO-20260324-TomatoSauce_g,2026-03-24,TomatoSauce_g,5000,g,2026-03-25,Reorder point
PO-20260324-VegMix_g,2026-03-24,VegMix_g,10500,g,2026-03-25,Reorder point
PO-20260325-Bread_g,2026-03-25,Bread_g,500,g,2026-03-28,Reorder point
PO-20260325-Chicken_g,2026-03-25,Chicken_g,26000,g,2026-03-26,Reorder point
PO-20260325-Cream_ml,2026-03-25,Cream_ml,5000,ml,2026-03-27,Reorder point
PO-20260325-Milk_ml,2026-03-25,Milk_ml,14000,ml,2026-03-27,Reorder point
PO-20260325-Seafood_g,2026-03-25,Seafood_g,2500,g,2026-03-26,Reorder point
PO-20260325-TomatoSauce_g,2026-03-25,TomatoSauce_g,3000,g,2026-03-26,Reorder point
PO-20260325-WhiteSauce_g,2026-03-25,WhiteSauce_g,1000,g,2026-03-26,Reorder point
PO-20260326-Beef_g,2026-03-26,Beef_g,8000,g,2026-03-27,Reorder point
PO-20260326-Bread_g,2026-03-26,Bread_g,500,g,2026-03-29,Reorder point
PO-20260326-Butter_g,2026-03-26,Butter_g,2000,g,2026-03-28,Reorder point
PO-20260326-Egg_count,2026-03-26,Egg_count,72,count,2026-03-28,Reorder point
PO-20260326-Lime_g,2026-03-26,Lime_g,1000,g,2026-03-27,Reorder point
PO-20260326-Mozzarella_g,2026-03-26,Mozzarella_g,16000,g,2026-03-28,Reorder point
PO-20260326-Salmon_g,2026-03-26,Salmon_g,9500,g,2026-03-29,Reorder point
PO-20260327-Seafood_g,2026-03-27,Seafood_g,2000,g,2026-03-28,Reorder point
PO-20260328-Bread_g,2026-03-28,Bread_g,500,g,2026-03-31,Reorder point
PO-20260328-Garlic_g,2026-03-28,Garlic_g,1000,g,2026-03-29,Reorder point
PO-20260328-Milk_ml,2026-03-28,Milk_ml,15000,ml,2026-03-30,Reorder point
PO-20260328-Onion_g,2026-03-28,Onion_g,2000,g,2026-03-29,Reorder point
PO-20260328-Parmesan_g,2026-03-28,Parmesan_g,500,g,2026-03-30,Reorder point
PO-20260328-Pesto_g,2026-03-28,Pesto_g,1500,g,2026-03-29,Reorder point
PO-20260328-SauceOther_g,2026-03-28,SauceOther_g,9500,g,2026-03-29,Reorder point
PO-20260328-Seafood_g,2026-03-28,Seafood_g,2500,g,2026-03-29,Reorder point
PO-20260328-TomatoSauce_g,2026-03-28,TomatoSauce_g,5000,g,2026-03-29,Reorder point
PO-20260328-VegMix_g,2026-03-28,VegMix_g,11500,g,2026-03-29,Reorder point
PO-20260328-WhiteSauce_g,2026-03-28,WhiteSauce_g,1500,g,2026-03-29,Reorder point
PO-20260329-Beef_g,2026-03-29,Beef_g,8500,g,2026-03-30,Reorder point
PO-20260329-Bread_g,2026-03-29,Bread_g,1000,g,2026-04-01,Reorder point
PO-20260329-Chicken_g,2026-03-29,Chicken_g,25000,g,2026-03-30,Reorder point
PO-20260329-Mint_g,2026-03-29,Mint_g,500,g,2026-03-30,Reorder point
PO-20260329-Mushroom_g,2026-03-29,Mushroom_g,1500,g,2026-03-30,Reorder point
PO-20260329-Pork_g,2026-03-29,Pork_g,10000,g,2026-04-01,Reorder point
PO-20260329-Potato_g,2026-03-29,Potato_g,53500,g,2026-04-01,Reorder point
PO-20260329-Wine_ml,2026-03-29,Wine_ml,50000,ml,2026-04-03,Reorder point
PO-20260330-Beer_ml,2026-03-30,Beer_ml,447000,ml,2026-04-04,Reorder point
PO-20260330-Bread_g,2026-03-30,Bread_g,500,g,2026-04-02,Reorder point
PO-20260330-Lime_g,2026-03-30,Lime_g,1000,g,2026-03-31,Reorder point
PO-20260330-Mozzarella_g,2026-03-30,Mozzarella_g,13500,g,2026-04-01,Reorder point
PO-20260330-Seafood_g,2026-03-30,Seafood_g,2000,g,2026-03-31,Reorder point
PO-20260330-TomatoSauce_g,2026-03-30,TomatoSauce_g,5500,g,2026-03-31,Reorder point
PO-20260330-WhiteSauce_g,2026-03-30,WhiteSauce_g,1000,g,2026-03-31,Reorder point
PO-20260331-Bread_g,2026-03-31,Bread_g,500,g,2026-04-03,Reorder point
PO-20260331-Cream_ml,2026-03-31,Cream_ml,4000,ml,2026-04-02,Reorder point
PO-20260331-Egg_count,2026-03-31,Egg_count,72,count,2026-04-02,Reorder point
PO-20260331-Pita_g,2026-03-31,Pita_g,3000,g,2026-04-03,Reorder point
PO-20260331-Seafood_g,2026-03-31,Seafood_g,2500,g,2026-04-01,Reorder point
PO-20260331-Soju_ml,2026-03-31,Soju_ml,99000,ml,2026-04-05,Reorder point
PO-20260331-Spirits_ml,2026-03-31,Spirits_ml,34000,ml,2026-04-05,Reorder point
PO-20260401-Bread_g,2026-04-01,Bread_g,500,g,2026-04-04,Reorder point
PO-20260401-Chicken_g,2026-04-01,Chicken_g,22000,g,2026-04-02,Reorder point
PO-20260401-Lime_g,2026-04-01,Lime_g,500,g,2026-04-02,Reorder point
PO-20260401-Milk_ml,2026-04-01,Milk_ml,14000,ml,2026-04-03,Reorder point
PO-20260401-Onion_g,2026-04-01,Onion_g,2000,g,2026-04-02,Reorder point
PO-20260401-SauceOther_g,2026-04-01,SauceOther_g,11000,g,2026-04-02,Reorder point
PO-20260401-TomatoSauce_g,2026-04-01,TomatoSauce_g,5500,g,2026-04-02,Reorder point
PO-20260401-VegMix_g,2026-04-01,VegMix_g,13500,g,2026-04-02,Reorder point
PO-20260401-WhiteSauce_g,2026-04-01,WhiteSauce_g,1000,g,2026-04-02,Reorder point
PO-20260402-Beef_g,2026-04-02,Beef_g,8000,g,2026-04-03,Reorder point
PO-20260402-Bread_g,2026-04-02,Bread_g,1000,g,2026-04-05,Reorder point
PO-20260402-Butter_g,2026-04-02,Butter_g,2000,g,2026-04-04,Reorder point
PO-20260402-Mushroom_g,2026-04-02,Mushroom_g,1500,g,2026-04-03,Reorder point
PO-20260402-Pesto_g,2026-04-02,Pesto_g,1000,g,2026-04-03,Reorder point
PO-20260402-Seafood_g,2026-04-02,Seafood_g,2500,g,2026-04-03,Reorder point
EMERG-20260403-Bread_g,2026-04-03,Bread_g,3000,g,2026-04-03,Stockout emergency
PO-20260403-Cream_ml,2026-04-03,Cream_ml,4000,ml,2026-04-05,Reorder point
PO-20260403-Egg_count,2026-04-03,Egg_count,72,count,2026-04-05,Reorder point
PO-20260403-Garlic_g,2026-04-03,Garlic_g,1000,g,2026-04-04,Reorder point
PO-20260403-Lime_g,2026-04-03,Lime_g,1000,g,2026-04-04,Reorder point
PO-20260403-Mint_g,2026-04-03,Mint_g,500,g,2026-04-04,Reorder point
PO-20260403-Mozzarella_g,2026-04-03,Mozzarella_g,16000,g,2026-04-05,Reorder point
PO-20260403-Seafood_g,2026-04-03,Seafood_g,2000,g,2026-04-04,Reorder point
PO-20260403-TomatoSauce_g,2026-04-03,TomatoSauce_g,5000,g,2026-04-04,Reorder point
PO-20260404-Milk_ml,2026-04-04,Milk_ml,15000,ml,2026-04-06,Reorder point
PO-20260404-Onion_g,2026-04-04,Onion_g,2000,g,2026-04-05,Reorder point
PO-20260404-SauceOther_g,2026-04-04,SauceOther_g,9500,g,2026-04-05,Reorder point
PO-20260404-Seafood_g,2026-04-04,Seafood_g,2000,g,2026-04-05,Reorder point
PO-20260404-VegMix_g,2026-04-04,VegMix_g,11500,g,2026-04-05,Reorder point
PO-20260404-WhiteSauce_g,2026-04-04,WhiteSauce_g,1500,g,2026-04-05,Reorder point
PO-20260405-Beef_g,2026-04-05,Beef_g,10000,g,2026-04-06,Reorder point
PO-20260405-Bread_g,2026-04-05,Bread_g,1000,g,2026-04-08,Reorder point
PO-20260405-Chicken_g,2026-04-05,Chicken_g,24000,g,2026-04-06,Reorder point
PO-20260405-Pesto_g,2026-04-05,Pesto_g,1000,g,2026-04-06,Reorder point
PO-20260405-Salmon_g,2026-04-05,Salmon_g,9000,g,2026-04-08,Reorder point
PO-20260405-TomatoSauce_g,2026-04-05,TomatoSauce_g,5000,g,2026-04-06,Reorder point
PO-20260406-Bread_g,2026-04-06,Bread_g,1000,g,2026-04-09,Reorder point
PO-20260406-Lime_g,2026-04-06,Lime_g,500,g,2026-04-07,Reorder point
PO-20260406-Mushroom_g,2026-04-06,Mushroom_g,1500,g,2026-04-07,Reorder point
PO-20260406-Pita_g,2026-04-06,Pita_g,3000,g,2026-04-09,Reorder point
PO-20260406-Seafood_g,2026-04-06,Seafood_g,3000,g,2026-04-07,Reorder point
PO-20260406-WhiteSauce_g,2026-04-06,WhiteSauce_g,500,g,2026-04-07,Reorder point
EMERG-20260407-Bread_g,2026-04-07,Bread_g,3000,g,2026-04-07,Stockout emergency
PO-20260407-Milk_ml,2026-04-07,Milk_ml,15000,ml,2026-04-09,Reorder point
PO-20260407-Mozzarella_g,2026-04-07,Mozzarella_g,15500,g,2026-04-09,Reorder point
PO-20260407-Pork_g,2026-04-07,Pork_g,9500,g,2026-04-10,Reorder point
PO-20260407-Potato_g,2026-04-07,Potato_g,50500,g,2026-04-10,Reorder point
PO-20260407-SauceOther_g,2026-04-07,SauceOther_g,10000,g,2026-04-08,Reorder point
PO-20260407-TomatoSauce_g,2026-04-07,TomatoSauce_g,5000,g,2026-04-08,Reorder point
PO-20260407-WhiteSauce_g,2026-04-07,WhiteSauce_g,1000,g,2026-04-08,Reorder point
PO-20260408-Chicken_g,2026-04-08,Chicken_g,21500,g,2026-04-09,Reorder point
PO-20260408-CookingOil_g,2026-04-08,CookingOil_g,24500,g,2026-04-11,Reorder point
PO-20260408-Cream_ml,2026-04-08,Cream_ml,4000,ml,2026-04-10,Reorder point
PO-20260408-Egg_count,2026-04-08,Egg_count,84,count,2026-04-10,Reorder point
PO-20260408-Flour_g,2026-04-08,Flour_g,159500,g,2026-04-11,Reorder point
PO-20260408-Lime_g,2026-04-08,Lime_g,1000,g,2026-04-09,Reorder point
PO-20260408-Mint_g,2026-04-08,Mint_g,500,g,2026-04-09,Reorder point
PO-20260408-Onion_g,2026-04-08,Onion_g,1500,g,2026-04-09,Reorder point
PO-20260408-Seafood_g,2026-04-08,Seafood_g,3000,g,2026-04-09,Reorder point
PO-20260408-Soda_ml,2026-04-08,Soda_ml,328000,ml,2026-04-11,Reorder point
PO-20260408-VegMix_g,2026-04-08,VegMix_g,12000,g,2026-04-09,Reorder point
PO-20260409-Beef_g,2026-04-09,Beef_g,9000,g,2026-04-10,Reorder point
PO-20260409-Bread_g,2026-04-09,Bread_g,500,g,2026-04-12,Reorder point
PO-20260409-Butter_g,2026-04-09,Butter_g,2000,g,2026-04-11,Reorder point
PO-20260409-Chocolate_g,2026-04-09,Chocolate_g,9500,g,2026-04-12,Reorder point
PO-20260409-Garlic_g,2026-04-09,Garlic_g,1000,g,2026-04-10,Reorder point
PO-20260409-Parmesan_g,2026-04-09,Parmesan_g,500,g,2026-04-11,Reorder point
PO-20260409-Seafood_g,2026-04-09,Seafood_g,2000,g,2026-04-10,Reorder point
PO-20260409-TomatoSauce_g,2026-04-09,TomatoSauce_g,4000,g,2026-04-10,Reorder point
PO-20260409-WhiteSauce_g,2026-04-09,WhiteSauce_g,500,g,2026-04-10,Reorder point
PO-20260410-Bread_g,2026-04-10,Bread_g,1000,g,2026-04-13,Reorder point
PO-20260410-Lime_g,2026-04-10,Lime_g,500,g,2026-04-11,Reorder point
PO-20260410-Mushroom_g,2026-04-10,Mushroom_g,1500,g,2026-04-11,Reorder point
PO-20260410-OliveOil_g,2026-04-10,OliveOil_g,8000,g,2026-04-13,Reorder point
PO-20260410-Pesto_g,2026-04-10,Pesto_g,1000,g,2026-04-11,Reorder point
PO-20260410-Sugar_g,2026-04-10,Sugar_g,12500,g,2026-04-13,Reorder point
PO-20260410-WhiteSauce_g,2026-04-10,WhiteSauce_g,1000,g,2026-04-11,Reorder point
PO-20260411-Bread_g,2026-04-11,Bread_g,1000,g,2026-04-14,Reorder point
PO-20260411-Milk_ml,2026-04-11,Milk_ml,14000,ml,2026-04-13,Reorder point
PO-20260411-Seafood_g,2026-04-11,Seafood_g,2500,g,2026-04-12,Reorder point
PO-20260412-Cream_ml,2026-04-12,Cream_ml,4000,ml,2026-04-14,Reorder point
PO-20260412-Seafood_g,2026-04-12,Seafood_g,2000,g,2026-04-13,Reorder point
PO-20260412-TomatoSauce_g,2026-04-12,TomatoSauce_g,4000,g,2026-04-13,Reorder point
PO-20260413-Chicken_g,2026-04-13,Chicken_g,34000,g,2026-04-14,Reorder point
PO-20260413-Lime_g,2026-04-13,Lime_g,1000,g,2026-04-14,Reorder point
PO-20260413-Mint_g,2026-04-13,Mint_g,500,g,2026-04-14,Reorder point
PO-20260413-WhiteSauce_g,2026-04-13,WhiteSauce_g,1500,g,2026-04-14,Reorder point
PO-20260414-Beef_g,2026-04-14,Beef_g,12000,g,2026-04-15,Reorder point
PO-20260414-Bread_g,2026-04-14,Bread_g,500,g,2026-04-17,Reorder point
PO-20260414-Milk_ml,2026-04-14,Milk_ml,15000,ml,2026-04-16,Reorder point
PO-20260414-Onion_g,2026-04-14,Onion_g,2500,g,2026-04-15,Reorder point
PO-20260414-Seafood_g,2026-04-14,Seafood_g,2500,g,2026-04-15,Reorder point
PO-20260414-TomatoSauce_g,2026-04-14,TomatoSauce_g,4000,g,2026-04-15,Reorder point
PO-20260414-VegMix_g,2026-04-14,VegMix_g,17000,g,2026-04-15,Reorder point
PO-20260415-Bread_g,2026-04-15,Bread_g,1000,g,2026-04-18,Reorder point
PO-20260415-Garlic_g,2026-04-15,Garlic_g,1000,g,2026-04-16,Reorder point
PO-20260415-Mozzarella_g,2026-04-15,Mozzarella_g,13500,g,2026-04-17,Reorder point
PO-20260415-SauceOther_g,2026-04-15,SauceOther_g,15500,g,2026-04-16,Reorder point
PO-20260415-Seafood_g,2026-04-15,Seafood_g,2000,g,2026-04-16,Reorder point
PO-20260416-Bread_g,2026-04-16,Bread_g,1000,g,2026-04-19,Reorder point
PO-20260416-Mushroom_g,2026-04-16,Mushroom_g,2000,g,2026-04-17,Reorder point
PO-20260416-Pesto_g,2026-04-16,Pesto_g,1500,g,2026-04-17,Reorder point
PO-20260416-WhiteSauce_g,2026-04-16,WhiteSauce_g,1500,g,2026-04-17,Reorder point
PO-20260417-Cream_ml,2026-04-17,Cream_ml,4000,ml,2026-04-19,Reorder point
PO-20260417-Seafood_g,2026-04-17,Seafood_g,2500,g,2026-04-18,Reorder point
PO-20260417-TomatoSauce_g,2026-04-17,TomatoSauce_g,4000,g,2026-04-18,Reorder point
PO-20260418-Chicken_g,2026-04-18,Chicken_g,34000,g,2026-04-19,Reorder point
PO-20260418-Lime_g,2026-04-18,Lime_g,1500,g,2026-04-19,Reorder point
PO-20260418-Milk_ml,2026-04-18,Milk_ml,14000,ml,2026-04-20,Reorder point
PO-20260418-Mint_g,2026-04-18,Mint_g,500,g,2026-04-19,Reorder point
PO-20260418-Seafood_g,2026-04-18,Seafood_g,2000,g,2026-04-19,Reorder point
PO-20260419-Beef_g,2026-04-19,Beef_g,12000,g,2026-04-20,Reorder point
PO-20260419-Bread_g,2026-04-19,Bread_g,500,g,2026-04-22,Reorder point
PO-20260419-Mozzarella_g,2026-04-19,Mozzarella_g,15500,g,2026-04-21,Reorder point
PO-20260419-TomatoSauce_g,2026-04-19,TomatoSauce_g,4000,g,2026-04-20,Reorder point
PO-20260419-WhiteSauce_g,2026-04-19,WhiteSauce_g,1500,g,2026-04-20,Reorder point
PO-20260420-Bread_g,2026-04-20,Bread_g,1000,g,2026-04-23,Reorder point
PO-20260420-Egg_count,2026-04-20,Egg_count,72,count,2026-04-22,Reorder point
PO-20260420-Onion_g,2026-04-20,Onion_g,2500,g,2026-04-21,Reorder point
PO-20260420-Seafood_g,2026-04-20,Seafood_g,2500,g,2026-04-21,Reorder point
PO-20260420-VegMix_g,2026-04-20,VegMix_g,17000,g,2026-04-21,Reorder point
PO-20260421-Bread_g,2026-04-21,Bread_g,1000,g,2026-04-24,Reorder point
PO-20260421-Cream_ml,2026-04-21,Cream_ml,4000,ml,2026-04-23,Reorder point
PO-20260421-Garlic_g,2026-04-21,Garlic_g,1000,g,2026-04-22,Reorder point
PO-20260421-Milk_ml,2026-04-21,Milk_ml,15000,ml,2026-04-23,Reorder point
PO-20260421-Seafood_g,2026-04-21,Seafood_g,2000,g,2026-04-22,Reorder point
PO-20260421-TomatoSauce_g,2026-04-21,TomatoSauce_g,5500,g,2026-04-22,Reorder point
PO-20260421-WhiteSauce_g,2026-04-21,WhiteSauce_g,1000,g,2026-04-22,Reorder point
PO-20260422-Beef_g,2026-04-22,Beef_g,7500,g,2026-04-23,Reorder point
EMERG-20260422-Bread_g,2026-04-22,Bread_g,3000,g,2026-04-22,Stockout emergency
PO-20260422-Lime_g,2026-04-22,Lime_g,1000,g,2026-04-23,Reorder point
PO-20260422-Mushroom_g,2026-04-22,Mushroom_g,2000,g,2026-04-23,Reorder point
PO-20260422-Pesto_g,2026-04-22,Pesto_g,1500,g,2026-04-23,Reorder point
PO-20260423-Chicken_g,2026-04-23,Chicken_g,34000,g,2026-04-24,Reorder point
PO-20260423-Mint_g,2026-04-23,Mint_g,500,g,2026-04-24,Reorder point
PO-20260423-Mozzarella_g,2026-04-23,Mozzarella_g,15000,g,2026-04-25,Reorder point
PO-20260423-SauceOther_g,2026-04-23,SauceOther_g,15500,g,2026-04-24,Reorder point
PO-20260423-Seafood_g,2026-04-23,Seafood_g,4000,g,2026-04-24,Reorder point
PO-20260423-TomatoSauce_g,2026-04-23,TomatoSauce_g,3500,g,2026-04-24,Reorder point
PO-20260423-WhiteSauce_g,2026-04-23,WhiteSauce_g,1000,g,2026-04-24,Reorder point
PO-20260424-Bread_g,2026-04-24,Bread_g,500,g,2026-04-27,Reorder point
PO-20260424-Egg_count,2026-04-24,Egg_count,84,count,2026-04-26,Reorder point
PO-20260424-Lime_g,2026-04-24,Lime_g,500,g,2026-04-25,Reorder point
PO-20260424-Milk_ml,2026-04-24,Milk_ml,15000,ml,2026-04-26,Reorder point
PO-20260424-Onion_g,2026-04-24,Onion_g,2000,g,2026-04-25,Reorder point
PO-20260424-Pork_g,2026-04-24,Pork_g,9500,g,2026-04-27,Reorder point
PO-20260424-Potato_g,2026-04-24,Potato_g,55000,g,2026-04-27,Reorder point
PO-20260424-TomatoSauce_g,2026-04-24,TomatoSauce_g,4500,g,2026-04-25,Reorder point
PO-20260424-VegMix_g,2026-04-24,VegMix_g,13500,g,2026-04-25,Reorder point
PO-20260425-Beef_g,2026-04-25,Beef_g,8000,g,2026-04-26,Reorder point
PO-20260425-Bread_g,2026-04-25,Bread_g,1000,g,2026-04-28,Reorder point
PO-20260425-Butter_g,2026-04-25,Butter_g,2000,g,2026-04-27,Reorder point
PO-20260425-Mushroom_g,2026-04-25,Mushroom_g,1500,g,2026-04-26,Reorder point
PO-20260425-Seafood_g,2026-04-25,Seafood_g,3000,g,2026-04-26,Reorder point
PO-20260425-WhiteSauce_g,2026-04-25,WhiteSauce_g,1000,g,2026-04-26,Reorder point
PO-20260426-Bread_g,2026-04-26,Bread_g,1000,g,2026-04-29,Reorder point
PO-20260426-Cream_ml,2026-04-26,Cream_ml,4000,ml,2026-04-28,Reorder point
PO-20260426-Lime_g,2026-04-26,Lime_g,1000,g,2026-04-27,Reorder point
PO-20260426-Mozzarella_g,2026-04-26,Mozzarella_g,14500,g,2026-04-28,Reorder point
PO-20260426-Parmesan_g,2026-04-26,Parmesan_g,500,g,2026-04-28,Reorder point
PO-20260426-Pesto_g,2026-04-26,Pesto_g,1000,g,2026-04-27,Reorder point
PO-20260426-Salmon_g,2026-04-26,Salmon_g,8500,g,2026-04-29,Reorder point
PO-20260426-TomatoSauce_g,2026-04-26,TomatoSauce_g,5500,g,2026-04-27,Reorder point
EMERG-20260427-Bread_g,2026-04-27,Bread_g,2500,g,2026-04-27,Stockout emergency
PO-20260427-Chicken_g,2026-04-27,Chicken_g,24500,g,2026-04-28,Reorder point
PO-20260427-Garlic_g,2026-04-27,Garlic_g,1000,g,2026-04-28,Reorder point
PO-20260427-Onion_g,2026-04-27,Onion_g,1500,g,2026-04-28,Reorder point
PO-20260427-Pita_g,2026-04-27,Pita_g,3000,g,2026-04-30,Reorder point
PO-20260427-SauceOther_g,2026-04-27,SauceOther_g,10500,g,2026-04-28,Reorder point
PO-20260427-Seafood_g,2026-04-27,Seafood_g,3500,g,2026-04-28,Reorder point
PO-20260427-WhiteSauce_g,2026-04-27,WhiteSauce_g,1000,g,2026-04-28,Reorder point
PO-20260428-Egg_count,2026-04-28,Egg_count,72,count,2026-04-30,Reorder point
PO-20260428-Milk_ml,2026-04-28,Milk_ml,17000,ml,2026-04-30,Reorder point
PO-20260428-Mint_g,2026-04-28,Mint_g,500,g,2026-04-29,Reorder point
PO-20260428-TomatoSauce_g,2026-04-28,TomatoSauce_g,5500,g,2026-04-29,Reorder point
PO-20260428-VegMix_g,2026-04-28,VegMix_g,11000,g,2026-04-29,Reorder point
PO-20260429-Anchovy_g,2026-04-29,Anchovy_g,1000,g,2026-05-02,Reorder point
PO-20260429-Beef_g,2026-04-29,Beef_g,9500,g,2026-04-30,Reorder point
PO-20260429-Bread_g,2026-04-29,Bread_g,500,g,2026-05-02,Reorder point
PO-20260429-Lime_g,2026-04-29,Lime_g,1000,g,2026-04-30,Reorder point
PO-20260429-Mozzarella_g,2026-04-29,Mozzarella_g,12500,g,2026-05-01,Reorder point
PO-20260429-Mushroom_g,2026-04-29,Mushroom_g,1500,g,2026-04-30,Reorder point
PO-20260429-Seafood_g,2026-04-29,Seafood_g,2000,g,2026-04-30,Reorder point
PO-20260429-WhiteSauce_g,2026-04-29,WhiteSauce_g,1000,g,2026-04-30,Reorder point