Date,Ingredient,UOM,Total_Qty
2026-02-01,Flour_g,g,8870
2026-02-01,TomatoSauce_g,g,3024
2026-02-01,WhiteSauce_g,g,560
2026-02-01,Mozzarella_g,g,4872
2026-02-01,Parmesan_g,g,80
2026-02-01,Pesto_g,g,321
2026-02-01,VegMix_g,g,4370
2026-02-01,Mushroom_g,g,420
2026-02-01,Garlic_g,g,137.6
2026-02-01,Onion_g,g,589
2026-02-01,Chicken_g,g,4838
2026-02-01,Beef_g,g,2820
2026-02-01,Pork_g,g,760
2026-02-01,Salmon_g,g,1260
2026-02-01,Seafood_g,g,1920
2026-02-01,Anchovy_g,g,25
2026-02-01,Potato_g,g,5700
2026-02-01,Bread_g,g,990
2026-02-01,Pita_g,g,360
2026-02-01,CookingOil_g,g,1025
2026-02-01,OliveOil_g,g,464.8
2026-02-01,Milk_ml,ml,5100
2026-02-01,Cream_ml,ml,600
2026-02-01,Soda_ml,ml,18720
2026-02-01,Beer_ml,ml,18420
2026-02-01,Wine_ml,ml,3120
2026-02-01,Soju_ml,ml,2880
2026-02-01,Spirits_ml,ml,1215
2026-02-01,Sugar_g,g,600
2026-02-01,Butter_g,g,380
2026-02-01,Egg_count,count,19
2026-02-01,Chocolate_g,g,350
2026-02-01,SauceOther_g,g,2880
2026-02-01,Lime_g,g,285
2026-02-01,Mint_g,g,10
2026-02-02,Flour_g,g,8705
2026-02-02,TomatoSauce_g,g,3096
2026-02-02,WhiteSauce_g,g,400
2026-02-02,Mozzarella_g,g,4728
2026-02-02,Parmesan_g,g,100
2026-02-02,Pesto_g,g,239
2026-02-02,VegMix_g,g,3530
2026-02-02,Mushroom_g,g,140
2026-02-02,Garlic_g,g,113.2
2026-02-02,Onion_g,g,379
2026-02-02,Chicken_g,g,7144
2026-02-02,Beef_g,g,3260
2026-02-02,Pork_g,g,1160
2026-02-02,Salmon_g,g,720
2026-02-02,Seafood_g,g,1500
2026-02-02,Anchovy_g,g,100
2026-02-02,Potato_g,g,8300
2026-02-02,Bread_g,g,450
2026-02-02,Pita_g,g,120
2026-02-02,CookingOil_g,g,1275
2026-02-02,OliveOil_g,g,385.2
2026-02-02,Milk_ml,ml,3840
2026-02-02,Cream_ml,ml,1260
2026-02-02,Soda_ml,ml,19140
2026-02-02,Beer_ml,ml,14950
2026-02-02,Wine_ml,ml,2160
2026-02-02,Soju_ml,ml,2160
2026-02-02,Spirits_ml,ml,1305
2026-02-02,Sugar_g,g,630
2026-02-02,Butter_g,g,400
2026-02-02,Egg_count,count,24
2026-02-02,Chocolate_g,g,535
2026-02-02,SauceOther_g,g,3463
2026-02-02,Lime_g,g,365
2026-02-02,Mint_g,g,15
2026-02-03,Flour_g,g,6940
2026-02-03,TomatoSauce_g,g,2358
2026-02-03,WhiteSauce_g,g,400
2026-02-03,Mozzarella_g,g,3744
2026-02-03,Parmesan_g,g,80
2026-02-03,Pesto_g,g,226
2026-02-03,VegMix_g,g,2638
2026-02-03,Mushroom_g,g,560
2026-02-03,Garlic_g,g,90.6
2026-02-03,Onion_g,g,403
2026-02-03,Chicken_g,g,6262
2026-02-03,Beef_g,g,2700
2026-02-03,Pork_g,g,1180
2026-02-03,Salmon_g,g,720
2026-02-03,Seafood_g,g,1648
2026-02-03,Anchovy_g,g,25
2026-02-03,Potato_g,g,6250
2026-02-03,Bread_g,g,630
2026-02-03,Pita_g,g,240
2026-02-03,CookingOil_g,g,1130
2026-02-03,OliveOil_g,g,339.6
2026-02-03,Milk_ml,ml,2580
2026-02-03,Cream_ml,ml,1440
2026-02-03,Soda_ml,ml,12030
2026-02-03,Beer_ml,ml,13440
2026-02-03,Wine_ml,ml,1740
2026-02-03,Soju_ml,ml,2520
2026-02-03,Spirits_ml,ml,1320
2026-02-03,Sugar_g,g,660
2026-02-03,Butter_g,g,350
2026-02-03,Egg_count,count,25
2026-02-03,Chocolate_g,g,620
2026-02-03,SauceOther_g,g,3184
2026-02-03,Lime_g,g,345
2026-02-03,Mint_g,g,30
2026-02-04,Flour_g,g,7340
2026-02-04,TomatoSauce_g,g,2754
2026-02-04,WhiteSauce_g,g,160
2026-02-04,Mozzarella_g,g,3912
2026-02-04,Parmesan_g,g,20
2026-02-04,Pesto_g,g,325
2026-02-04,VegMix_g,g,2932
2026-02-04,Mushroom_g,g,140
2026-02-04,Garlic_g,g,108
2026-02-04,Onion_g,g,502
2026-02-04,Chicken_g,g,9066
2026-02-04,Beef_g,g,2180
2026-02-04,Pork_g,g,820
2026-02-04,Salmon_g,g,1260
2026-02-04,Seafood_g,g,1868
2026-02-04,Anchovy_g,g,25
2026-02-04,Potato_g,g,5300
2026-02-04,Bread_g,g,630
2026-02-04,Pita_g,g,360
2026-02-04,CookingOil_g,g,1365
2026-02-04,OliveOil_g,g,355.8
2026-02-04,Milk_ml,ml,4980
2026-02-04,Cream_ml,ml,1920
2026-02-04,Soda_ml,ml,11820
2026-02-04,Beer_ml,ml,16780
2026-02-04,Wine_ml,ml,870
2026-02-04,Soju_ml,ml,3960
2026-02-04,Spirits_ml,ml,975
2026-02-04,Sugar_g,g,720
2026-02-04,Butter_g,g,310
2026-02-04,Egg_count,count,26
2026-02-04,Chocolate_g,g,820
2026-02-04,SauceOther_g,g,3217
2026-02-04,Lime_g,g,275
2026-02-04,Mint_g,g,15
2026-02-05,Flour_g,g,9030
2026-02-05,TomatoSauce_g,g,3114
2026-02-05,WhiteSauce_g,g,560
2026-02-05,Mozzarella_g,g,4992
2026-02-05,Parmesan_g,g,140
2026-02-05,Pesto_g,g,259
2026-02-05,VegMix_g,g,3254
2026-02-05,Mushroom_g,g,280
2026-02-05,Garlic_g,g,123.2
2026-02-05,Onion_g,g,453
2026-02-05,Chicken_g,g,6536
2026-02-05,Beef_g,g,2570
2026-02-05,Pork_g,g,1820
2026-02-05,Salmon_g,g,1080
2026-02-05,Seafood_g,g,1756
2026-02-05,Potato_g,g,6550
2026-02-05,Bread_g,g,450
2026-02-05,Pita_g,g,360
2026-02-05,CookingOil_g,g,1170
2026-02-05,OliveOil_g,g,407.8
2026-02-05,Milk_ml,ml,3960
2026-02-05,Cream_ml,ml,840
2026-02-05,Soda_ml,ml,15750
2026-02-05,Beer_ml,ml,16110
2026-02-05,Wine_ml,ml,1860
2026-02-05,Soju_ml,ml,2520
2026-02-05,Spirits_ml,ml,1335
2026-02-05,Sugar_g,g,470
2026-02-05,Butter_g,g,260
2026-02-05,Egg_count,count,16
2026-02-05,Chocolate_g,g,340
2026-02-05,SauceOther_g,g,3043
2026-02-05,Lime_g,g,340
2026-02-05,Mint_g,g,15
2026-02-06,Flour_g,g,7505
2026-02-06,TomatoSauce_g,g,2052
2026-02-06,WhiteSauce_g,g,800
2026-02-06,Mozzarella_g,g,3936
2026-02-06,Parmesan_g,g,40
2026-02-06,Pesto_g,g,252
2026-02-06,VegMix_g,g,3828
2026-02-06,Mushroom_g,g,1120
2026-02-06,Garlic_g,g,107
2026-02-06,Onion_g,g,335
2026-02-06,Chicken_g,g,9762
2026-02-06,Beef_g,g,1460
2026-02-06,Pork_g,g,800
2026-02-06,Salmon_g,g,2160
2026-02-06,Seafood_g,g,1808
2026-02-06,Anchovy_g,g,25
2026-02-06,Potato_g,g,7150
2026-02-06,Bread_g,g,540
2026-02-06,Pita_g,g,120
2026-02-06,CookingOil_g,g,1620
2026-02-06,OliveOil_g,g,382.4
2026-02-06,Milk_ml,ml,4140
2026-02-06,Cream_ml,ml,1320
2026-02-06,Soda_ml,ml,20460
2026-02-06,Beer_ml,ml,17750
2026-02-06,Wine_ml,ml,930
2026-02-06,Soju_ml,ml,5400
2026-02-06,Spirits_ml,ml,1605
2026-02-06,Sugar_g,g,690
2026-02-06,Butter_g,g,310
2026-02-06,Egg_count,count,25
2026-02-06,Chocolate_g,g,485
2026-02-06,SauceOther_g,g,2711
2026-02-06,Lime_g,g,435
2026-02-06,Mint_g,g,30
2026-02-07,Flour_g,g,6520
2026-02-07,TomatoSauce_g,g,1890
2026-02-07,WhiteSauce_g,g,640
2026-02-07,Mozzarella_g,g,3480
2026-02-07,Parmesan_g,g,20
2026-02-07,Pesto_g,g,197
2026-02-07,VegMix_g,g,3214
2026-02-07,Mushroom_g,g,420
2026-02-07,Garlic_g,g,107.8
2026-02-07,Onion_g,g,492
2026-02-07,Chicken_g,g,5682
2026-02-07,Beef_g,g,1880
2026-02-07,Pork_g,g,820
2026-02-07,Salmon_g,g,180
2026-02-07,Seafood_g,g,1392
2026-02-07,Anchovy_g,g,25
2026-02-07,Potato_g,g,5150
2026-02-07,Bread_g,g,1350
2026-02-07,Pita_g,g,360
2026-02-07,CookingOil_g,g,1045
2026-02-07,OliveOil_g,g,387
2026-02-07,Milk_ml,ml,3840
2026-02-07,Cream_ml,ml,1680
2026-02-07,Soda_ml,ml,17910
2026-02-07,Beer_ml,ml,19100
2026-02-07,Wine_ml,ml,1740
2026-02-07,Soju_ml,ml,5400
2026-02-07,Spirits_ml,ml,1125
2026-02-07,Sugar_g,g,580
2026-02-07,Butter_g,g,170
2026-02-07,Egg_count,count,19
2026-02-07,Chocolate_g,g,710
2026-02-07,SauceOther_g,g,2715
2026-02-07,Lime_g,g,390
2026-02-07,Mint_g,g,50
2026-02-08,Flour_g,g,8875
2026-02-08,TomatoSauce_g,g,3132
2026-02-08,WhiteSauce_g,g,480
2026-02-08,Mozzarella_g,g,4896
2026-02-08,Parmesan_g,g,160
2026-02-08,Pesto_g,g,236
2026-02-08,VegMix_g,g,4596
2026-02-08,Mushroom_g,g,140
2026-02-08,Garlic_g,g,107.8
2026-02-08,Onion_g,g,437
2026-02-08,Chicken_g,g,6454
2026-02-08,Beef_g,g,3070
2026-02-08,Pork_g,g,1940
2026-02-08,Salmon_g,g,180
2026-02-08,Seafood_g,g,880
2026-02-08,Anchovy_g,g,50
2026-02-08,Potato_g,g,7700
2026-02-08,Bread_g,g,450
2026-02-08,Pita_g,g,600
2026-02-08,CookingOil_g,g,1185
2026-02-08,OliveOil_g,g,381.4
2026-02-08,Milk_ml,ml,5820
2026-02-08,Cream_ml,ml,1200
2026-02-08,Soda_ml,ml,18060
2026-02-08,Beer_ml,ml,26910
2026-02-08,Wine_ml,ml,2550
2026-02-08,Soju_ml,ml,3600
2026-02-08,Spirits_ml,ml,1350
2026-02-08,Sugar_g,g,530
2026-02-08,Butter_g,g,310
2026-02-08,Egg_count,count,22
2026-02-08,Chocolate_g,g,405
2026-02-08,SauceOther_g,g,3804
2026-02-08,Lime_g,g,350
2026-02-08,Mint_g,g,25
2026-02-09,Flour_g,g,6310
2026-02-09,TomatoSauce_g,g,2070
2026-02-09,WhiteSauce_g,g,400
2026-02-09,Mozzarella_g,g,3360
2026-02-09,Parmesan_g,g,80
2026-02-09,Pesto_g,g,206
2026-02-09,VegMix_g,g,3162
2026-02-09,Mushroom_g,g,420
2026-02-09,Garlic_g,g,94.4
2026-02-09,Onion_g,g,393
2026-02-09,Chicken_g,g,6306
2026-02-09,Beef_g,g,2470
2026-02-09,Pork_g,g,1320
2026-02-09,Salmon_g,g,1260
2026-02-09,Seafood_g,g,1132
2026-02-09,Anchovy_g,g,25
2026-02-09,Potato_g,g,4100
2026-02-09,Bread_g,g,720
2026-02-09,Pita_g,g,240
2026-02-09,CookingOil_g,g,1005
2026-02-09,OliveOil_g,g,339
2026-02-09,Milk_ml,ml,2460
2026-02-09,Cream_ml,ml,660
2026-02-09,Soda_ml,ml,13410
2026-02-09,Beer_ml,ml,19940
2026-02-09,Wine_ml,ml,2370
2026-02-09,Soju_ml,ml,3600
2026-02-09,Spirits_ml,ml,1380
2026-02-09,Sugar_g,g,510
2026-02-09,Butter_g,g,250
2026-02-09,Egg_count,count,18
2026-02-09,Chocolate_g,g,240
2026-02-09,SauceOther_g,g,2709
2026-02-09,Lime_g,g,505
2026-02-09,Mint_g,g,45
2026-02-10,Flour_g,g,7950
2026-02-10,TomatoSauce_g,g,3096
2026-02-10,WhiteSauce_g,g,160
2026-02-10,Mozzarella_g,g,4368
2026-02-10,Parmesan_g,g,80
2026-02-10,Pesto_g,g,310
2026-02-10,VegMix_g,g,2984
2026-02-10,Garlic_g,g,124.6
2026-02-10,Onion_g,g,602
2026-02-10,Chicken_g,g,6316
2026-02-10,Beef_g,g,2690
2026-02-10,Pork_g,g,1180
2026-02-10,Salmon_g,g,2070
2026-02-10,Seafood_g,g,1170
2026-02-10,Potato_g,g,5800
2026-02-10,Bread_g,g,540
2026-02-10,Pita_g,g,600
2026-02-10,CookingOil_g,g,1030
2026-02-10,OliveOil_g,g,401.2
2026-02-10,Milk_ml,ml,5400
2026-02-10,Cream_ml,ml,720
2026-02-10,Soda_ml,ml,11520
2026-02-10,Beer_ml,ml,10960
2026-02-10,Wine_ml,ml,4050
2026-02-10,Soju_ml,ml,3240
2026-02-10,Spirits_ml,ml,915
2026-02-10,Sugar_g,g,530
2026-02-10,Butter_g,g,390
2026-02-10,Egg_count,count,17
2026-02-10,Chocolate_g,g,400
2026-02-10,SauceOther_g,g,3366
2026-02-10,Lime_g,g,140
2026-02-11,Flour_g,g,5675
2026-02-11,TomatoSauce_g,g,1944
2026-02-11,WhiteSauce_g,g,240
2026-02-11,Mozzarella_g,g,2952
2026-02-11,Parmesan_g,g,80
2026-02-11,Pesto_g,g,176
2026-02-11,VegMix_g,g,3066
2026-02-11,Mushroom_g,g,280
2026-02-11,Garlic_g,g,89.4
2026-02-11,Onion_g,g,465
2026-02-11,Chicken_g,g,6128
2026-02-11,Beef_g,g,2560
2026-02-11,Pork_g,g,1460
2026-02-11,Salmon_g,g,540
2026-02-11,Seafood_g,g,908
2026-02-11,Anchovy_g,g,50
2026-02-11,Potato_g,g,6100
2026-02-11,Bread_g,g,1080
2026-02-11,Pita_g,g,480
2026-02-11,CookingOil_g,g,1020
2026-02-11,OliveOil_g,g,331.8
2026-02-11,Milk_ml,ml,2160
2026-02-11,Cream_ml,ml,1260
2026-02-11,Soda_ml,ml,15450
2026-02-11,Beer_ml,ml,15130
2026-02-11,Wine_ml,ml,1860
2026-02-11,Soju_ml,ml,2160
2026-02-11,Spirits_ml,ml,1305
2026-02-11,Sugar_g,g,720
2026-02-11,Butter_g,g,420
2026-02-11,Egg_count,count,25
2026-02-11,Chocolate_g,g,565
2026-02-11,SauceOther_g,g,3282
2026-02-11,Lime_g,g,340
2026-02-11,Mint_g,g,15
2026-02-14,Flour_g,g,8680
2026-02-14,TomatoSauce_g,g,3150
2026-02-14,WhiteSauce_g,g,320
2026-02-14,Mozzarella_g,g,4680
2026-02-14,Parmesan_g,g,60
2026-02-14,Pesto_g,g,216
2026-02-14,VegMix_g,g,4426
2026-02-14,Mushroom_g,g,420
2026-02-14,Garlic_g,g,129.4
2026-02-14,Onion_g,g,618
2026-02-14,Chicken_g,g,8808
2026-02-14,Beef_g,g,3020
2026-02-14,Pork_g,g,640
2026-02-14,Salmon_g,g,1620
2026-02-14,Seafood_g,g,1048
2026-02-14,Anchovy_g,g,25
2026-02-14,Potato_g,g,7700
2026-02-14,Bread_g,g,990
2026-02-14,CookingOil_g,g,1510
2026-02-14,OliveOil_g,g,467
2026-02-14,Milk_ml,ml,7680
2026-02-14,Cream_ml,ml,1440
2026-02-14,Soda_ml,ml,26460
2026-02-14,Beer_ml,ml,22930
2026-02-14,Wine_ml,ml,2550
2026-02-14,Soju_ml,ml,7200
2026-02-14,Spirits_ml,ml,2520
2026-02-14,Sugar_g,g,800
2026-02-14,Butter_g,g,330
2026-02-14,Egg_count,count,29
2026-02-14,Chocolate_g,g,520
2026-02-14,SauceOther_g,g,3059
2026-02-14,Lime_g,g,760
2026-02-14,Mint_g,g,35
2026-02-15,Flour_g,g,6440
2026-02-15,TomatoSauce_g,g,2304
2026-02-15,WhiteSauce_g,g,160
2026-02-15,Mozzarella_g,g,3312
2026-02-15,Parmesan_g,g,80
2026-02-15,Pesto_g,g,157
2026-02-15,VegMix_g,g,3508
2026-02-15,Mushroom_g,g,140
2026-02-15,Garlic_g,g,81.6
2026-02-15,Onion_g,g,322
2026-02-15,Chicken_g,g,7056
2026-02-15,Beef_g,g,2150
2026-02-15,Pork_g,g,1460
2026-02-15,Salmon_g,g,360
2026-02-15,Seafood_g,g,1108
2026-02-15,Anchovy_g,g,75
2026-02-15,Potato_g,g,7800
2026-02-15,Bread_g,g,540
2026-02-15,Pita_g,g,240
2026-02-15,CookingOil_g,g,1405
2026-02-15,OliveOil_g,g,290.8
2026-02-15,Milk_ml,ml,5580
2026-02-15,Cream_ml,ml,1260
2026-02-15,Soda_ml,ml,16680
2026-02-15,Beer_ml,ml,19070
2026-02-15,Wine_ml,ml,1800
2026-02-15,Soju_ml,ml,4680
2026-02-15,Spirits_ml,ml,1860
2026-02-15,Sugar_g,g,700
2026-02-15,Butter_g,g,300
2026-02-15,Egg_count,count,22
2026-02-15,Chocolate_g,g,520
2026-02-15,SauceOther_g,g,3036
2026-02-15,Lime_g,g,530
2026-02-15,Mint_g,g,45
2026-02-18,Flour_g,g,6555
2026-02-18,TomatoSauce_g,g,2232
2026-02-18,WhiteSauce_g,g,320
2026-02-18,Mozzarella_g,g,3456
2026-02-18,Parmesan_g,g,60
2026-02-18,Pesto_g,g,180
2026-02-18,VegMix_g,g,2828
2026-02-18,Mushroom_g,g,560
2026-02-18,Garlic_g,g,86.2
2026-02-18,Onion_g,g,368
2026-02-18,Chicken_g,g,6452
2026-02-18,Beef_g,g,3030
2026-02-18,Pork_g,g,1060
2026-02-18,Salmon_g,g,180
2026-02-18,Seafood_g,g,1392
2026-02-18,Anchovy_g,g,75
2026-02-18,Potato_g,g,5350
2026-02-18,Bread_g,g,630
2026-02-18,Pita_g,g,480
2026-02-18,CookingOil_g,g,1130
2026-02-18,OliveOil_g,g,305.4
2026-02-18,Milk_ml,ml,4020
2026-02-18,Cream_ml,ml,780
2026-02-18,Soda_ml,ml,11250
2026-02-18,Beer_ml,ml,18780
2026-02-18,Wine_ml,ml,2430
2026-02-18,Soju_ml,ml,2520
2026-02-18,Spirits_ml,ml,1095
2026-02-18,Sugar_g,g,490
2026-02-18,Butter_g,g,320
2026-02-18,Egg_count,count,16
2026-02-18,Chocolate_g,g,355
2026-02-18,SauceOther_g,g,3532
2026-02-18,Lime_g,g,265
2026-02-18,Mint_g,g,20
2026-02-19,Flour_g,g,4410
2026-02-19,TomatoSauce_g,g,1602
2026-02-19,WhiteSauce_g,g,80
2026-02-19,Mozzarella_g,g,2256
2026-02-19,Parmesan_g,g,120
2026-02-19,Pesto_g,g,106
2026-02-19,VegMix_g,g,3052
2026-02-19,Garlic_g,g,74.2
2026-02-19,Onion_g,g,406
2026-02-19,Chicken_g,g,6658
2026-02-19,Beef_g,g,2380
2026-02-19,Pork_g,g,1840
2026-02-19,Salmon_g,g,1260
2026-02-19,Seafood_g,g,624
2026-02-19,Potato_g,g,5300
2026-02-19,Bread_g,g,720
2026-02-19,Pita_g,g,480
2026-02-19,CookingOil_g,g,1125
2026-02-19,OliveOil_g,g,260.4
2026-02-19,Milk_ml,ml,2760
2026-02-19,Cream_ml,ml,1320
2026-02-19,Soda_ml,ml,14400
2026-02-19,Beer_ml,ml,14090
2026-02-19,Wine_ml,ml,1680
2026-02-19,Soju_ml,ml,3960
2026-02-19,Spirits_ml,ml,1590
2026-02-19,Sugar_g,g,620
2026-02-19,Butter_g,g,270
2026-02-19,Egg_count,count,19
2026-02-19,Chocolate_g,g,590
2026-02-19,SauceOther_g,g,3351
2026-02-19,Lime_g,g,410
2026-02-19,Mint_g,g,25
2026-02-20,Flour_g,g,7240
2026-02-20,TomatoSauce_g,g,2412
2026-02-20,WhiteSauce_g,g,560
2026-02-20,Mozzarella_g,g,4056
2026-02-20,Parmesan_g,g,40
2026-02-20,Pesto_g,g,246
2026-02-20,VegMix_g,g,3078
2026-02-20,Mushroom_g,g,280
2026-02-20,Garlic_g,g,123.2
2026-02-20,Onion_g,g,497
2026-02-20,Chicken_g,g,4056
2026-02-20,Beef_g,g,3300
2026-02-20,Pork_g,g,1080
2026-02-20,Salmon_g,g,1890
2026-02-20,Seafood_g,g,966
2026-02-20,Anchovy_g,g,25
2026-02-20,Potato_g,g,4650
2026-02-20,Bread_g,g,900
2026-02-20,Pita_g,g,120
2026-02-20,CookingOil_g,g,740
2026-02-20,OliveOil_g,g,420.4
2026-02-20,Milk_ml,ml,4680
2026-02-20,Cream_ml,ml,960
2026-02-20,Soda_ml,ml,25650
2026-02-20,Beer_ml,ml,14620
2026-02-20,Wine_ml,ml,1860
2026-02-20,Soju_ml,ml,3960
2026-02-20,Spirits_ml,ml,2145
2026-02-20,Sugar_g,g,660
2026-02-20,Butter_g,g,330
2026-02-20,Egg_count,count,19
2026-02-20,Chocolate_g,g,470
2026-02-20,SauceOther_g,g,2363
2026-02-20,Lime_g,g,570
2026-02-20,Mint_g,g,20
2026-02-21,Flour_g,g,7950
2026-02-21,TomatoSauce_g,g,2538
2026-02-21,WhiteSauce_g,g,480
2026-02-21,Mozzarella_g,g,4104
2026-02-21,Parmesan_g,g,40
2026-02-21,Pesto_g,g,251
2026-02-21,VegMix_g,g,4050
2026-02-21,Mushroom_g,g,420
2026-02-21,Garlic_g,g,110.6
2026-02-21,Onion_g,g,393
2026-02-21,Chicken_g,g,8598
2026-02-21,Beef_g,g,2440
2026-02-21,Pork_g,g,1500
2026-02-21,Salmon_g,g,900
2026-02-21,Seafood_g,g,2036
2026-02-21,Potato_g,g,7700
2026-02-21,Bread_g,g,360
2026-02-21,Pita_g,g,480
2026-02-21,CookingOil_g,g,1560
2026-02-21,OliveOil_g,g,333.6
2026-02-21,Milk_ml,ml,3000
2026-02-21,Cream_ml,ml,1800
2026-02-21,Soda_ml,ml,19260
2026-02-21,Beer_ml,ml,17280
2026-02-21,Wine_ml,ml,990
2026-02-21,Soju_ml,ml,5400
2026-02-21,Spirits_ml,ml,1620
2026-02-21,Sugar_g,g,800
2026-02-21,Butter_g,g,380
2026-02-21,Egg_count,count,29
2026-02-21,Chocolate_g,g,750
2026-02-21,SauceOther_g,g,3736
2026-02-21,Lime_g,g,380
2026-02-21,Mint_g,g,15
2026-02-22,Flour_g,g,11555
2026-02-22,TomatoSauce_g,g,3834
2026-02-22,WhiteSauce_g,g,880
2026-02-22,Mozzarella_g,g,6432
2026-02-22,Parmesan_g,g,100
2026-02-22,Pesto_g,g,287
2026-02-22,VegMix_g,g,4064
2026-02-22,Mushroom_g,g,700
2026-02-22,Garlic_g,g,153.4
2026-02-22,Onion_g,g,746
2026-02-22,Chicken_g,g,6446
2026-02-22,Beef_g,g,3680
2026-02-22,Pork_g,g,1020
2026-02-22,Salmon_g,g,1710
2026-02-22,Seafood_g,g,1890
2026-02-22,Anchovy_g,g,25
2026-02-22,Potato_g,g,7700
2026-02-22,Bread_g,g,540
2026-02-22,Pita_g,g,120
2026-02-22,CookingOil_g,g,1265
2026-02-22,OliveOil_g,g,528.8
2026-02-22,Milk_ml,ml,3120
2026-02-22,Cream_ml,ml,600
2026-02-22,Soda_ml,ml,13410
2026-02-22,Beer_ml,ml,15610
2026-02-22,Wine_ml,ml,1230
2026-02-22,Soju_ml,ml,3600
2026-02-22,Spirits_ml,ml,930
2026-02-22,Sugar_g,g,410
2026-02-22,Butter_g,g,320
2026-02-22,Egg_count,count,15
2026-02-22,Chocolate_g,g,255
2026-02-22,SauceOther_g,g,3075
2026-02-22,Lime_g,g,175
2026-02-22,Mint_g,g,10
2026-02-23,Flour_g,g,8720
2026-02-23,TomatoSauce_g,g,2754
2026-02-23,WhiteSauce_g,g,720
2026-02-23,Mozzarella_g,g,4752
2026-02-23,Parmesan_g,g,20
2026-02-23,Pesto_g,g,267
2026-02-23,VegMix_g,g,3480
2026-02-23,Mushroom_g,g,420
2026-02-23,Garlic_g,g,122
2026-02-23,Onion_g,g,461
2026-02-23,Chicken_g,g,6838
2026-02-23,Beef_g,g,3190
2026-02-23,Pork_g,g,540
2026-02-23,Salmon_g,g,900
2026-02-23,Seafood_g,g,2296
2026-02-23,Anchovy_g,g,50
2026-02-23,Potato_g,g,6300
2026-02-23,Bread_g,g,450
2026-02-23,Pita_g,g,120
2026-02-23,CookingOil_g,g,1275
2026-02-23,OliveOil_g,g,386.8
2026-02-23,Milk_ml,ml,3840
2026-02-23,Cream_ml,ml,720
2026-02-23,Soda_ml,ml,18210
2026-02-23,Beer_ml,ml,13470
2026-02-23,Wine_ml,ml,300
2026-02-23,Soju_ml,ml,2880
2026-02-23,Spirits_ml,ml,1035
2026-02-23,Sugar_g,g,360
2026-02-23,Butter_g,g,220
2026-02-23,Egg_count,count,12
2026-02-23,Chocolate_g,g,310
2026-02-23,SauceOther_g,g,3072
2026-02-23,Lime_g,g,270
2026-02-23,Mint_g,g,25
2026-02-24,Flour_g,g,7735
2026-02-24,TomatoSauce_g,g,2754
2026-02-24,WhiteSauce_g,g,320
2026-02-24,Mozzarella_g,g,4152
2026-02-24,Parmesan_g,g,80
2026-02-24,Pesto_g,g,227
2026-02-24,VegMix_g,g,3160
2026-02-24,Mushroom_g,g,420
2026-02-24,Garlic_g,g,123
2026-02-24,Onion_g,g,550
2026-02-24,Chicken_g,g,6408
2026-02-24,Beef_g,g,1830
2026-02-24,Pork_g,g,1180
2026-02-24,Salmon_g,g,1350
2026-02-24,Seafood_g,g,1458
2026-02-24,Anchovy_g,g,25
2026-02-24,Potato_g,g,5850
2026-02-24,Bread_g,g,810
2026-02-24,Pita_g,g,360
2026-02-24,CookingOil_g,g,1150
2026-02-24,OliveOil_g,g,396.8
2026-02-24,Milk_ml,ml,3720
2026-02-24,Cream_ml,ml,960
2026-02-24,Soda_ml,ml,14190
2026-02-24,Beer_ml,ml,14450
2026-02-24,Wine_ml,ml,1740
2026-02-24,Soju_ml,ml,2160
2026-02-24,Spirits_ml,ml,915
2026-02-24,Sugar_g,g,470
2026-02-24,Butter_g,g,270
2026-02-24,Egg_count,count,17
2026-02-24,Chocolate_g,g,405
2026-02-24,SauceOther_g,g,2948
2026-02-24,Lime_g,g,165
2026-02-24,Mint_g,g,5
2026-02-25,Flour_g,g,5230
2026-02-25,TomatoSauce_g,g,1980
2026-02-25,WhiteSauce_g,g,160
2026-02-25,Mozzarella_g,g,2880
2026-02-25,Parmesan_g,g,40
2026-02-25,Pesto_g,g,118
2026-02-25,VegMix_g,g,2780
2026-02-25,Mushroom_g,g,140
2026-02-25,Garlic_g,g,70.4
2026-02-25,Onion_g,g,285
2026-02-25,Chicken_g,g,3878
2026-02-25,Beef_g,g,2390
2026-02-25,Pork_g,g,800
2026-02-25,Salmon_g,g,1080
2026-02-25,Seafood_g,g,964
2026-02-25,Anchovy_g,g,50
2026-02-25,Potato_g,g,5050
2026-02-25,Bread_g,g,540
2026-02-25,Pita_g,g,360
2026-02-25,CookingOil_g,g,805
2026-02-25,OliveOil_g,g,277
2026-02-25,Milk_ml,ml,4320
2026-02-25,Cream_ml,ml,780
2026-02-25,Soda_ml,ml,17430
2026-02-25,Beer_ml,ml,12270
2026-02-25,Wine_ml,ml,1740
2026-02-25,Soju_ml,ml,5040
2026-02-25,Spirits_ml,ml,1155
2026-02-25,Sugar_g,g,310
2026-02-25,Butter_g,g,160
2026-02-25,Egg_count,count,12
2026-02-25,Chocolate_g,g,330
2026-02-25,SauceOther_g,g,2864
2026-02-25,Lime_g,g,285
2026-02-25,Mint_g,g,10
2026-02-26,Flour_g,g,7350
2026-02-26,TomatoSauce_g,g,2610
2026-02-26,WhiteSauce_g,g,320
2026-02-26,Mozzarella_g,g,3960
2026-02-26,Parmesan_g,g,60
2026-02-26,Pesto_g,g,298
2026-02-26,VegMix_g,g,3810
2026-02-26,Mushroom_g,g,140
2026-02-26,Garlic_g,g,101.2
2026-02-26,Onion_g,g,359
2026-02-26,Chicken_g,g,6920
2026-02-26,Beef_g,g,1910
2026-02-26,Pork_g,g,780
2026-02-26,Salmon_g,g,720
2026-02-26,Seafood_g,g,1552
2026-02-26,Anchovy_g,g,75
2026-02-26,Potato_g,g,5800
2026-02-26,Bread_g,g,450
2026-02-26,Pita_g,g,960
2026-02-26,CookingOil_g,g,1100
2026-02-26,OliveOil_g,g,329
2026-02-26,Milk_ml,ml,3360
2026-02-26,Cream_ml,ml,1320
2026-02-26,Soda_ml,ml,14130
2026-02-26,Beer_ml,ml,21950
2026-02-26,Wine_ml,ml,2490
2026-02-26,Soju_ml,ml,2880
2026-02-26,Spirits_ml,ml,810
2026-02-26,Sugar_g,g,480
2026-02-26,Butter_g,g,240
2026-02-26,Egg_count,count,24
2026-02-26,Chocolate_g,g,490
2026-02-26,SauceOther_g,g,3709
2026-02-26,Lime_g,g,240
2026-02-27,Flour_g,g,8950
2026-02-27,TomatoSauce_g,g,2934
2026-02-27,WhiteSauce_g,g,560
2026-02-27,Mozzarella_g,g,4752
2026-02-27,Parmesan_g,g,40
2026-02-27,Pesto_g,g,337
2026-02-27,VegMix_g,g,3622
2026-02-27,Mushroom_g,g,560
2026-02-27,Garlic_g,g,139.4
2026-02-27,Onion_g,g,565
2026-02-27,Chicken_g,g,7380
2026-02-27,Beef_g,g,3680
2026-02-27,Pork_g,g,1500
2026-02-27,Salmon_g,g,2340
2026-02-27,Seafood_g,g,2604
2026-02-27,Potato_g,g,8250
2026-02-27,Bread_g,g,720
2026-02-27,Pita_g,g,360
2026-02-27,CookingOil_g,g,1435
2026-02-27,OliveOil_g,g,456.8
2026-02-27,Milk_ml,ml,3900
2026-02-27,Cream_ml,ml,900
2026-02-27,Soda_ml,ml,17280
2026-02-27,Beer_ml,ml,14790
2026-02-27,Wine_ml,ml,4290
2026-02-27,Soju_ml,ml,3960
2026-02-27,Spirits_ml,ml,1530
2026-02-27,Sugar_g,g,670
2026-02-27,Butter_g,g,430
2026-02-27,Egg_count,count,23
2026-02-27,Chocolate_g,g,450
2026-02-27,SauceOther_g,g,4060
2026-02-27,Lime_g,g,400
2026-02-27,Mint_g,g,20
2026-02-28,Flour_g,g,9055
2026-02-28,TomatoSauce_g,g,3330
2026-02-28,WhiteSauce_g,g,240
2026-02-28,Mozzarella_g,g,4800
2026-02-28,Parmesan_g,g,100
2026-02-28,Pesto_g,g,318
2026-02-28,VegMix_g,g,3262
2026-02-28,Mushroom_g,g,280
2026-02-28,Garlic_g,g,134
2026-02-28,Onion_g,g,611
2026-02-28,Chicken_g,g,6178
2026-02-28,Beef_g,g,2390
2026-02-28,Pork_g,g,1860
2026-02-28,Salmon_g,g,1530
2026-02-28,Seafood_g,g,2682
2026-02-28,Anchovy_g,g,25
2026-02-28,Potato_g,g,6500
2026-02-28,Bread_g,g,990
2026-02-28,Pita_g,g,240
2026-02-28,CookingOil_g,g,1235
2026-02-28,OliveOil_g,g,465
2026-02-28,Milk_ml,ml,5460
2026-02-28,Cream_ml,ml,1140
2026-02-28,Soda_ml,ml,19140
2026-02-28,Beer_ml,ml,15270
2026-02-28,Wine_ml,ml,360
2026-02-28,Soju_ml,ml,2880
2026-02-28,Spirits_ml,ml,1395
2026-02-28,Sugar_g,g,760
2026-02-28,Butter_g,g,410
2026-02-28,Egg_count,count,25
2026-02-28,Chocolate_g,g,615
2026-02-28,SauceOther_g,g,3142
2026-02-28,Lime_g,g,375
2026-02-28,Mint_g,g,15
2026-03-01,Flour_g,g,7295
2026-03-01,TomatoSauce_g,g,2502
2026-03-01,WhiteSauce_g,g,320
2026-03-01,Mozzarella_g,g,3816
2026-03-01,Parmesan_g,g,40
2026-03-01,Pesto_g,g,202
2026-03-01,VegMix_g,g,3860
2026-03-01,Mushroom_g,g,280
2026-03-01,Garlic_g,g,95.6
2026-03-01,Onion_g,g,422
2026-03-01,Chicken_g,g,6242
2026-03-01,Beef_g,g,3030
2026-03-01,Pork_g,g,940
2026-03-01,Salmon_g,g,1260
2026-03-01,Seafood_g,g,1304
2026-03-01,Anchovy_g,g,50
2026-03-01,Potato_g,g,7400
2026-03-01,Bread_g,g,540
2026-03-01,Pita_g,g,720
2026-03-01,CookingOil_g,g,1160
2026-03-01,OliveOil_g,g,349.4
2026-03-01,Milk_ml,ml,4560
2026-03-01,Cream_ml,ml,900
2026-03-01,Soda_ml,ml,16500
2026-03-01,Beer_ml,ml,12630
2026-03-01,Wine_ml,ml,2730
2026-03-01,Soju_ml,ml,4320
2026-03-01,Spirits_ml,ml,1125
2026-03-01,Sugar_g,g,690
2026-03-01,Butter_g,g,430
2026-03-01,Egg_count,count,23
2026-03-01,Chocolate_g,g,465
2026-03-01,SauceOther_g,g,3980
2026-03-01,Lime_g,g,365
2026-03-01,Mint_g,g,30
2026-03-03,Flour_g,g,6995
2026-03-03,TomatoSauce_g,g,2538
2026-03-03,WhiteSauce_g,g,240
2026-03-03,Mozzarella_g,g,3744
2026-03-03,Parmesan_g,g,120
2026-03-03,Pesto_g,g,265
2026-03-03,VegMix_g,g,2848
2026-03-03,Mushroom_g,g,280
2026-03-03,Garlic_g,g,103.6
2026-03-03,Onion_g,g,385
2026-03-03,Chicken_g,g,7468
2026-03-03,Beef_g,g,1820
2026-03-03,Pork_g,g,1560
2026-03-03,Salmon_g,g,1080
2026-03-03,Seafood_g,g,1292
2026-03-03,Potato_g,g,4500
2026-03-03,Bread_g,g,450
2026-03-03,Pita_g,g,360
2026-03-03,CookingOil_g,g,1115
2026-03-03,OliveOil_g,g,324.6
2026-03-03,Milk_ml,ml,3660
2026-03-03,Cream_ml,ml,1080
2026-03-03,Soda_ml,ml,11040
2026-03-03,Beer_ml,ml,17770
2026-03-03,Wine_ml,ml,1620
2026-03-03,Soju_ml,ml,5760
2026-03-03,Spirits_ml,ml,1320
2026-03-03,Sugar_g,g,770
2026-03-03,Butter_g,g,390
2026-03-03,Egg_count,count,27
2026-03-03,Chocolate_g,g,515
2026-03-03,SauceOther_g,g,2699
2026-03-03,Lime_g,g,505
2026-03-03,Mint_g,g,40
2026-03-04,Flour_g,g,7000
2026-03-04,TomatoSauce_g,g,2574
2026-03-04,WhiteSauce_g,g,240
2026-03-04,Mozzarella_g,g,3792
2026-03-04,Parmesan_g,g,100
2026-03-04,Pesto_g,g,176
2026-03-04,VegMix_g,g,3226
2026-03-04,Mushroom_g,g,140
2026-03-04,Garlic_g,g,103
2026-03-04,Onion_g,g,362
2026-03-04,Chicken_g,g,5912
2026-03-04,Beef_g,g,2480
2026-03-04,Pork_g,g,1300
2026-03-04,Salmon_g,g,1080
2026-03-04,Seafood_g,g,1356
2026-03-04,Anchovy_g,g,75
2026-03-04,Potato_g,g,6600
2026-03-04,Bread_g,g,450
2026-03-04,Pita_g,g,120
2026-03-04,CookingOil_g,g,1180
2026-03-04,OliveOil_g,g,332.8
2026-03-04,Milk_ml,ml,3240
2026-03-04,Cream_ml,ml,780
2026-03-04,Soda_ml,ml,20670
2026-03-04,Beer_ml,ml,17770
2026-03-04,Wine_ml,ml,1740
2026-03-04,Soju_ml,ml,2880
2026-03-04,Spirits_ml,ml,1050
2026-03-04,Sugar_g,g,370
2026-03-04,Butter_g,g,180
2026-03-04,Egg_count,count,13
2026-03-04,Chocolate_g,g,260
2026-03-04,SauceOther_g,g,2440
2026-03-04,Lime_g,g,335
2026-03-04,Mint_g,g,35
2026-03-05,Flour_g,g,6265
2026-03-05,TomatoSauce_g,g,2286
2026-03-05,WhiteSauce_g,g,160
2026-03-05,Mozzarella_g,g,3288
2026-03-05,Parmesan_g,g,40
2026-03-05,Pesto_g,g,192
2026-03-05,VegMix_g,g,2974
2026-03-05,Garlic_g,g,97.2
2026-03-05,Onion_g,g,406
2026-03-05,Chicken_g,g,7068
2026-03-05,Beef_g,g,1390
2026-03-05,Pork_g,g,800
2026-03-05,Salmon_g,g,810
2026-03-05,Seafood_g,g,998
2026-03-05,Anchovy_g,g,25
2026-03-05,Potato_g,g,5600
2026-03-05,Bread_g,g,810
2026-03-05,Pita_g,g,240
2026-03-05,CookingOil_g,g,1250
2026-03-05,OliveOil_g,g,324.2
2026-03-05,Milk_ml,ml,5040
2026-03-05,Cream_ml,ml,840
2026-03-05,Soda_ml,ml,15090
2026-03-05,Beer_ml,ml,10300
2026-03-05,Wine_ml,ml,1620
2026-03-05,Soju_ml,ml,4320
2026-03-05,Spirits_ml,ml,1065
2026-03-05,Sugar_g,g,620
2026-03-05,Butter_g,g,300
2026-03-05,Egg_count,count,19
2026-03-05,Chocolate_g,g,435
2026-03-05,SauceOther_g,g,2357
2026-03-05,Lime_g,g,390
2026-03-05,Mint_g,g,40
2026-03-06,Flour_g,g,7245
2026-03-06,TomatoSauce_g,g,2322
2026-03-06,WhiteSauce_g,g,480
2026-03-06,Mozzarella_g,g,3816
2026-03-06,Parmesan_g,g,20
2026-03-06,Pesto_g,g,248
2026-03-06,VegMix_g,g,2482
2026-03-06,Mushroom_g,g,420
2026-03-06,Garlic_g,g,89
2026-03-06,Onion_g,g,398
2026-03-06,Chicken_g,g,7788
2026-03-06,Beef_g,g,1270
2026-03-06,Pork_g,g,1660
2026-03-06,Salmon_g,g,1710
2026-03-06,Seafood_g,g,1350
2026-03-06,Anchovy_g,g,50
2026-03-06,Potato_g,g,6800
2026-03-06,Bread_g,g,630
2026-03-06,Pita_g,g,360
2026-03-06,CookingOil_g,g,1360
2026-03-06,OliveOil_g,g,369.4
2026-03-06,Milk_ml,ml,3480
2026-03-06,Cream_ml,ml,1320
2026-03-06,Soda_ml,ml,18780
2026-03-06,Beer_ml,ml,24080
2026-03-06,Wine_ml,ml,930
2026-03-06,Soju_ml,ml,3240
2026-03-06,Spirits_ml,ml,1215
2026-03-06,Sugar_g,g,810
2026-03-06,Butter_g,g,430
2026-03-06,Egg_count,count,30
2026-03-06,Chocolate_g,g,645
2026-03-06,SauceOther_g,g,2792
2026-03-06,Lime_g,g,310
2026-03-06,Mint_g,g,10
2026-03-07,Flour_g,g,8905
2026-03-07,TomatoSauce_g,g,3006
2026-03-07,WhiteSauce_g,g,480
2026-03-07,Mozzarella_g,g,4728
2026-03-07,Parmesan_g,g,80
2026-03-07,Pesto_g,g,313
2026-03-07,VegMix_g,g,3506
2026-03-07,Mushroom_g,g,560
2026-03-07,Garlic_g,g,135
2026-03-07,Onion_g,g,630
2026-03-07,Chicken_g,g,9760
2026-03-07,Beef_g,g,2450
2026-03-07,Pork_g,g,900
2026-03-07,Salmon_g,g,2430
2026-03-07,Seafood_g,g,1426
2026-03-07,Anchovy_g,g,75
2026-03-07,Potato_g,g,4750
2026-03-07,Bread_g,g,990
2026-03-07,Pita_g,g,240
2026-03-07,CookingOil_g,g,1485
2026-03-07,OliveOil_g,g,490.2
2026-03-07,Milk_ml,ml,6240
2026-03-07,Cream_ml,ml,1200
2026-03-07,Soda_ml,ml,18210
2026-03-07,Beer_ml,ml,17280
2026-03-07,Wine_ml,ml,870
2026-03-07,Soju_ml,ml,3960
2026-03-07,Spirits_ml,ml,2115
2026-03-07,Sugar_g,g,790
2026-03-07,Butter_g,g,350
2026-03-07,Egg_count,count,25
2026-03-07,Chocolate_g,g,585
2026-03-07,SauceOther_g,g,3227
2026-03-07,Lime_g,g,595
2026-03-07,Mint_g,g,30
2026-03-08,Flour_g,g,6805
2026-03-08,TomatoSauce_g,g,2394
2026-03-08,WhiteSauce_g,g,240
2026-03-08,Mozzarella_g,g,3552
2026-03-08,Parmesan_g,g,60
2026-03-08,Pesto_g,g,296
2026-03-08,VegMix_g,g,4278
2026-03-08,Mushroom_g,g,140
2026-03-08,Garlic_g,g,103
2026-03-08,Onion_g,g,617
2026-03-08,Chicken_g,g,7578
2026-03-08,Beef_g,g,2850
2026-03-08,Pork_g,g,780
2026-03-08,Salmon_g,g,990
2026-03-08,Seafood_g,g,1294
2026-03-08,Potato_g,g,8200
2026-03-08,Bread_g,g,1170
2026-03-08,Pita_g,g,120
2026-03-08,CookingOil_g,g,1520
2026-03-08,OliveOil_g,g,391.8
2026-03-08,Milk_ml,ml,4200
2026-03-08,Cream_ml,ml,1320
2026-03-08,Soda_ml,ml,18120
2026-03-08,Beer_ml,ml,18440
2026-03-08,Wine_ml,ml,1050
2026-03-08,Soju_ml,ml,6120
2026-03-08,Spirits_ml,ml,1275
2026-03-08,Sugar_g,g,480
2026-03-08,Butter_g,g,250
2026-03-08,Egg_count,count,20
2026-03-08,Chocolate_g,g,475
2026-03-08,SauceOther_g,g,3489
2026-03-08,Lime_g,g,300
2026-03-08,Mint_g,g,15
2026-03-09,Flour_g,g,9000
2026-03-09,TomatoSauce_g,g,3168
2026-03-09,WhiteSauce_g,g,400
2026-03-09,Mozzarella_g,g,4824
2026-03-09,Parmesan_g,g,80
2026-03-09,Pesto_g,g,305
2026-03-09,VegMix_g,g,3150
2026-03-09,Mushroom_g,g,420
2026-03-09,Garlic_g,g,141
2026-03-09,Onion_g,g,553
2026-03-09,Chicken_g,g,8430
2026-03-09,Beef_g,g,2370
2026-03-09,Pork_g,g,1180
2026-03-09,Salmon_g,g,1260
2026-03-09,Seafood_g,g,2232
2026-03-09,Anchovy_g,g,25
2026-03-09,Potato_g,g,7450
2026-03-09,Bread_g,g,810
2026-03-09,Pita_g,g,240
2026-03-09,CookingOil_g,g,1555
2026-03-09,OliveOil_g,g,436.6
2026-03-09,Milk_ml,ml,3540
2026-03-09,Cream_ml,ml,720
2026-03-09,Soda_ml,ml,15270
2026-03-09,Beer_ml,ml,20770
2026-03-09,Wine_ml,ml,1050
2026-03-09,Soju_ml,ml,3960
2026-03-09,Spirits_ml,ml,765
2026-03-09,Sugar_g,g,310
2026-03-09,Butter_g,g,190
2026-03-09,Egg_count,count,13
2026-03-09,Chocolate_g,g,210
2026-03-09,SauceOther_g,g,3214
2026-03-09,Lime_g,g,210
2026-03-09,Mint_g,g,30
2026-03-10,Flour_g,g,7575
2026-03-10,TomatoSauce_g,g,2574
2026-03-10,WhiteSauce_g,g,400
2026-03-10,Mozzarella_g,g,4032
2026-03-10,Parmesan_g,g,40
2026-03-10,Pesto_g,g,203
2026-03-10,VegMix_g,g,2956
2026-03-10,Mushroom_g,g,280
2026-03-10,Garlic_g,g,100
2026-03-10,Onion_g,g,492
2026-03-10,Chicken_g,g,8430
2026-03-10,Beef_g,g,2360
2026-03-10,Pork_g,g,940
2026-03-10,Salmon_g,g,900
2026-03-10,Seafood_g,g,880
2026-03-10,Anchovy_g,g,100
2026-03-10,Potato_g,g,6950
2026-03-10,Bread_g,g,720
2026-03-10,Pita_g,g,240
2026-03-10,CookingOil_g,g,1410
2026-03-10,OliveOil_g,g,373.8
2026-03-10,Milk_ml,ml,2220
2026-03-10,Cream_ml,ml,780
2026-03-10,Soda_ml,ml,15750
2026-03-10,Beer_ml,ml,25750
2026-03-10,Wine_ml,ml,4110
2026-03-10,Soju_ml,ml,3240
2026-03-10,Spirits_ml,ml,1200
2026-03-10,Sugar_g,g,510
2026-03-10,Butter_g,g,280
2026-03-10,Egg_count,count,19
2026-03-10,Chocolate_g,g,355
2026-03-10,SauceOther_g,g,2930
2026-03-10,Lime_g,g,315
2026-03-10,Mint_g,g,15
2026-03-11,Flour_g,g,9310
2026-03-11,TomatoSauce_g,g,3384
2026-03-11,WhiteSauce_g,g,480
2026-03-11,Mozzarella_g,g,5232
2026-03-11,Parmesan_g,g,80
2026-03-11,Pesto_g,g,339
2026-03-11,VegMix_g,g,3318
2026-03-11,Mushroom_g,g,700
2026-03-11,Garlic_g,g,116.4
2026-03-11,Onion_g,g,509
2026-03-11,Chicken_g,g,5936
2026-03-11,Beef_g,g,1360
2026-03-11,Pork_g,g,1320
2026-03-11,Salmon_g,g,630
2026-03-11,Seafood_g,g,1174
2026-03-11,Anchovy_g,g,50
2026-03-11,Potato_g,g,3400
2026-03-11,Bread_g,g,270
2026-03-11,Pita_g,g,360
2026-03-11,CookingOil_g,g,865
2026-03-11,OliveOil_g,g,388.8
2026-03-11,Milk_ml,ml,2160
2026-03-11,Cream_ml,ml,720
2026-03-11,Soda_ml,ml,14220
2026-03-11,Beer_ml,ml,18760
2026-03-11,Wine_ml,ml,750
2026-03-11,Soju_ml,ml,2520
2026-03-11,Spirits_ml,ml,1335
2026-03-11,Sugar_g,g,480
2026-03-11,Butter_g,g,190
2026-03-11,Egg_count,count,17
2026-03-11,Chocolate_g,g,290
2026-03-11,SauceOther_g,g,1859
2026-03-11,Lime_g,g,420
2026-03-11,Mint_g,g,25
2026-03-12,Flour_g,g,7310
2026-03-12,TomatoSauce_g,g,2304
2026-03-12,WhiteSauce_g,g,560
2026-03-12,Mozzarella_g,g,3912
2026-03-12,Parmesan_g,g,60
2026-03-12,Pesto_g,g,180
2026-03-12,VegMix_g,g,3116
2026-03-12,Mushroom_g,g,560
2026-03-12,Garlic_g,g,96.6
2026-03-12,Onion_g,g,495
2026-03-12,Chicken_g,g,5762
2026-03-12,Beef_g,g,2760
2026-03-12,Pork_g,g,500
2026-03-12,Salmon_g,g,1260
2026-03-12,Seafood_g,g,1340
2026-03-12,Anchovy_g,g,25
2026-03-12,Potato_g,g,5850
2026-03-12,Bread_g,g,720
2026-03-12,Pita_g,g,240
2026-03-12,CookingOil_g,g,1045
2026-03-12,OliveOil_g,g,370.8
2026-03-12,Milk_ml,ml,3300
2026-03-12,Cream_ml,ml,1320
2026-03-12,Soda_ml,ml,15840
2026-03-12,Beer_ml,ml,17940
2026-03-12,Wine_ml,ml,3360
2026-03-12,Soju_ml,ml,5400
2026-03-12,Spirits_ml,ml,735
2026-03-12,Sugar_g,g,690
2026-03-12,Butter_g,g,400
2026-03-12,Egg_count,count,24
2026-03-12,Chocolate_g,g,650
2026-03-12,SauceOther_g,g,2970
2026-03-12,Lime_g,g,225
2026-03-12,Mint_g,g,15
2026-03-13,Flour_g,g,7880
2026-03-13,TomatoSauce_g,g,2430
2026-03-13,WhiteSauce_g,g,560
2026-03-13,Mozzarella_g,g,4080
2026-03-13,Parmesan_g,g,100
2026-03-13,Pesto_g,g,222
2026-03-13,VegMix_g,g,2850
2026-03-13,Mushroom_g,g,700
2026-03-13,Garlic_g,g,106
2026-03-13,Onion_g,g,288
2026-03-13,Chicken_g,g,6908
2026-03-13,Beef_g,g,1520
2026-03-13,Pork_g,g,1440
2026-03-13,Salmon_g,g,990
2026-03-13,Seafood_g,g,3278
2026-03-13,Potato_g,g,7100
2026-03-13,Bread_g,g,540
2026-03-13,Pita_g,g,120
2026-03-13,CookingOil_g,g,1540
2026-03-13,OliveOil_g,g,357
2026-03-13,Milk_ml,ml,4080
2026-03-13,Cream_ml,ml,480
2026-03-13,Soda_ml,ml,19590
2026-03-13,Beer_ml,ml,25210
2026-03-13,Wine_ml,ml,1560
2026-03-13,Soju_ml,ml,1800
2026-03-13,Spirits_ml,ml,1620
2026-03-13,Sugar_g,g,550
2026-03-13,Butter_g,g,280
2026-03-13,Egg_count,count,16
2026-03-13,Chocolate_g,g,270
2026-03-13,SauceOther_g,g,2640
2026-03-13,Lime_g,g,465
2026-03-13,Mint_g,g,10
2026-03-14,Flour_g,g,7785
2026-03-14,TomatoSauce_g,g,2736
2026-03-14,WhiteSauce_g,g,320
2026-03-14,Mozzarella_g,g,4128
2026-03-14,Parmesan_g,g,40
2026-03-14,Pesto_g,g,272
2026-03-14,VegMix_g,g,3364
2026-03-14,Mushroom_g,g,420
2026-03-14,Garlic_g,g,130.2
2026-03-14,Onion_g,g,548
2026-03-14,Chicken_g,g,8988
2026-03-14,Beef_g,g,1020
2026-03-14,Pork_g,g,1920
2026-03-14,Salmon_g,g,450
2026-03-14,Seafood_g,g,1934
2026-03-14,Anchovy_g,g,25
2026-03-14,Potato_g,g,6850
2026-03-14,Bread_g,g,720
2026-03-14,Pita_g,g,480
2026-03-14,CookingOil_g,g,1575
2026-03-14,OliveOil_g,g,360.2
2026-03-14,Milk_ml,ml,4800
2026-03-14,Cream_ml,ml,840
2026-03-14,Soda_ml,ml,20340
2026-03-14,Beer_ml,ml,18280
2026-03-14,Wine_ml,ml,2430
2026-03-14,Soju_ml,ml,4680
2026-03-14,Spirits_ml,ml,1500
2026-03-14,Sugar_g,g,490
2026-03-14,Butter_g,g,180
2026-03-14,Egg_count,count,16
2026-03-14,Chocolate_g,g,325
2026-03-14,SauceOther_g,g,3125
2026-03-14,Lime_g,g,445
2026-03-14,Mint_g,g,35
2026-03-15,Flour_g,g,8800
2026-03-15,TomatoSauce_g,g,3420
2026-03-15,WhiteSauce_g,g,160
2026-03-15,Mozzarella_g,g,4800
2026-03-15,Parmesan_g,g,120
2026-03-15,Pesto_g,g,233
2026-03-15,VegMix_g,g,3340
2026-03-15,Mushroom_g,g,140
2026-03-15,Garlic_g,g,122
2026-03-15,Onion_g,g,481
2026-03-15,Chicken_g,g,5502
2026-03-15,Beef_g,g,1760
2026-03-15,Pork_g,g,1420
2026-03-15,Salmon_g,g,1440
2026-03-15,Seafood_g,g,1184
2026-03-15,Anchovy_g,g,75
2026-03-15,Potato_g,g,5450
2026-03-15,Bread_g,g,540
2026-03-15,Pita_g,g,120
2026-03-15,CookingOil_g,g,1090
2026-03-15,OliveOil_g,g,415
2026-03-15,Milk_ml,ml,3180
2026-03-15,Cream_ml,ml,480
2026-03-15,Soda_ml,ml,19950
2026-03-15,Beer_ml,ml,19270
2026-03-15,Wine_ml,ml,870
2026-03-15,Soju_ml,ml,3960
2026-03-15,Spirits_ml,ml,1290
2026-03-15,Sugar_g,g,490
2026-03-15,Butter_g,g,280
2026-03-15,Egg_count,count,16
2026-03-15,Chocolate_g,g,220
2026-03-15,SauceOther_g,g,2216
2026-03-15,Lime_g,g,305
2026-03-15,Mint_g,g,15
2026-03-16,Flour_g,g,7645
2026-03-16,TomatoSauce_g,g,2466
2026-03-16,WhiteSauce_g,g,480
2026-03-16,Mozzarella_g,g,4008
2026-03-16,Parmesan_g,g,60
2026-03-16,Pesto_g,g,170
2026-03-16,VegMix_g,g,2972
2026-03-16,Mushroom_g,g,420
2026-03-16,Garlic_g,g,104.4
2026-03-16,Onion_g,g,332
2026-03-16,Chicken_g,g,6202
2026-03-16,Beef_g,g,1630
2026-03-16,Pork_g,g,1060
2026-03-16,Salmon_g,g,540
2026-03-16,Seafood_g,g,2068
2026-03-16,Anchovy_g,g,175
2026-03-16,Potato_g,g,7600
2026-03-16,Bread_g,g,720
2026-03-16,Pita_g,g,360
2026-03-16,CookingOil_g,g,1370
2026-03-16,OliveOil_g,g,362.2
2026-03-16,Milk_ml,ml,4440
2026-03-16,Cream_ml,ml,900
2026-03-16,Soda_ml,ml,15300
2026-03-16,Beer_ml,ml,14290
2026-03-16,Wine_ml,ml,2430
2026-03-16,Soju_ml,ml,4320
2026-03-16,Spirits_ml,ml,1095
2026-03-16,Sugar_g,g,550
2026-03-16,Butter_g,g,310
2026-03-16,Egg_count,count,23
2026-03-16,Chocolate_g,g,335
2026-03-16,SauceOther_g,g,2718
2026-03-16,Lime_g,g,270
2026-03-16,Mint_g,g,15
2026-03-17,Flour_g,g,6100
2026-03-17,TomatoSauce_g,g,2232
2026-03-17,WhiteSauce_g,g,160
2026-03-17,Mozzarella_g,g,3216
2026-03-17,Parmesan_g,g,40
2026-03-17,Pesto_g,g,221
2026-03-17,VegMix_g,g,2670
2026-03-17,Mushroom_g,g,280
2026-03-17,Garlic_g,g,86.4
2026-03-17,Onion_g,g,382
2026-03-17,Chicken_g,g,6250
2026-03-17,Beef_g,g,2430
2026-03-17,Pork_g,g,1080
2026-03-17,Salmon_g,g,1620
2026-03-17,Seafood_g,g,1328
2026-03-17,Potato_g,g,6350
2026-03-17,Bread_g,g,450
2026-03-17,Pita_g,g,360
2026-03-17,CookingOil_g,g,1140
2026-03-17,OliveOil_g,g,309.4
2026-03-17,Milk_ml,ml,2280
2026-03-17,Cream_ml,ml,120
2026-03-17,Soda_ml,ml,11880
2026-03-17,Beer_ml,ml,18440
2026-03-17,Wine_ml,ml,1800
2026-03-17,Soju_ml,ml,2880
2026-03-17,Spirits_ml,ml,795
2026-03-17,Sugar_g,g,420
2026-03-17,Butter_g,g,330
2026-03-17,Egg_count,count,10
2026-03-17,Chocolate_g,g,170
2026-03-17,SauceOther_g,g,3066
2026-03-17,Lime_g,g,205
2026-03-17,Mint_g,g,20
2026-03-18,Flour_g,g,8535
2026-03-18,TomatoSauce_g,g,3006
2026-03-18,WhiteSauce_g,g,480
2026-03-18,Mozzarella_g,g,4728
2026-03-18,Parmesan_g,g,60
2026-03-18,Pesto_g,g,285
2026-03-18,VegMix_g,g,2994
2026-03-18,Mushroom_g,g,420
2026-03-18,Garlic_g,g,123.8
2026-03-18,Onion_g,g,508
2026-03-18,Chicken_g,g,6724
2026-03-18,Beef_g,g,2520
2026-03-18,Pork_g,g,780
2026-03-18,Salmon_g,g,1440
2026-03-18,Seafood_g,g,1352
2026-03-18,Anchovy_g,g,25
2026-03-18,Potato_g,g,6100
2026-03-18,Bread_g,g,540
2026-03-18,Pita_g,g,120
2026-03-18,CookingOil_g,g,1165
2026-03-18,OliveOil_g,g,410.2
2026-03-18,Milk_ml,ml,3480
2026-03-18,Cream_ml,ml,2520
2026-03-18,Soda_ml,ml,15240
2026-03-18,Beer_ml,ml,15100
2026-03-18,Wine_ml,ml,240
2026-03-18,Soju_ml,ml,3960
2026-03-18,Spirits_ml,ml,1155
2026-03-18,Sugar_g,g,630
2026-03-18,Butter_g,g,160
2026-03-18,Egg_count,count,29
2026-03-18,Chocolate_g,g,945
2026-03-18,SauceOther_g,g,2551
2026-03-18,Lime_g,g,360
2026-03-18,Mint_g,g,30
2026-03-19,Flour_g,g,5980
2026-03-19,TomatoSauce_g,g,2034
2026-03-19,WhiteSauce_g,g,320
2026-03-19,Mozzarella_g,g,3192
2026-03-19,Parmesan_g,g,20
2026-03-19,Pesto_g,g,156
2026-03-19,VegMix_g,g,3176
2026-03-19,Mushroom_g,g,280
2026-03-19,Garlic_g,g,91.4
2026-03-19,Onion_g,g,448
2026-03-19,Chicken_g,g,6368
2026-03-19,Beef_g,g,3060
2026-03-19,Pork_g,g,820
2026-03-19,Salmon_g,g,720
2026-03-19,Seafood_g,g,792
2026-03-19,Anchovy_g,g,75
2026-03-19,Potato_g,g,5800
2026-03-19,Bread_g,g,720
2026-03-19,Pita_g,g,360
2026-03-19,CookingOil_g,g,1110
2026-03-19,OliveOil_g,g,312.8
2026-03-19,Milk_ml,ml,4140
2026-03-19,Cream_ml,ml,960
2026-03-19,Soda_ml,ml,12990
2026-03-19,Beer_ml,ml,14100
2026-03-19,Wine_ml,ml,1800
2026-03-19,Soju_ml,ml,3960
2026-03-19,Spirits_ml,ml,1035
2026-03-19,Sugar_g,g,440
2026-03-19,Butter_g,g,220
2026-03-19,Egg_count,count,15
2026-03-19,Chocolate_g,g,410
2026-03-19,SauceOther_g,g,3239
2026-03-19,Lime_g,g,315
2026-03-19,Mint_g,g,25
2026-03-20,Flour_g,g,8105
2026-03-20,TomatoSauce_g,g,3060
2026-03-20,WhiteSauce_g,g,240
2026-03-20,Mozzarella_g,g,4440
2026-03-20,Parmesan_g,g,60
2026-03-20,Pesto_g,g,261
2026-03-20,VegMix_g,g,3898
2026-03-20,Mushroom_g,g,140
2026-03-20,Garlic_g,g,115.6
2026-03-20,Onion_g,g,629
2026-03-20,Chicken_g,g,8882
2026-03-20,Beef_g,g,2330
2026-03-20,Pork_g,g,920
2026-03-20,Salmon_g,g,990
2026-03-20,Seafood_g,g,838
2026-03-20,Anchovy_g,g,50
2026-03-20,Potato_g,g,5650
2026-03-20,Bread_g,g,1080
2026-03-20,Pita_g,g,480
2026-03-20,CookingOil_g,g,1250
2026-03-20,OliveOil_g,g,441
2026-03-20,Milk_ml,ml,3600
2026-03-20,Cream_ml,ml,840
2026-03-20,Soda_ml,ml,19200
2026-03-20,Beer_ml,ml,12780
2026-03-20,Wine_ml,ml,2610
2026-03-20,Soju_ml,ml,3960
2026-03-20,Spirits_ml,ml,1665
2026-03-20,Sugar_g,g,480
2026-03-20,Butter_g,g,230
2026-03-20,Egg_count,count,16
2026-03-20,Chocolate_g,g,325
2026-03-20,SauceOther_g,g,3289
2026-03-20,Lime_g,g,455
2026-03-20,Mint_g,g,25
2026-03-21,Flour_g,g,7900
2026-03-21,TomatoSauce_g,g,2952
2026-03-21,WhiteSauce_g,g,240
2026-03-21,Mozzarella_g,g,4296
2026-03-21,Parmesan_g,g,60
2026-03-21,Pesto_g,g,261
2026-03-21,VegMix_g,g,2990
2026-03-21,Garlic_g,g,125.2
2026-03-21,Onion_g,g,464
2026-03-21,Chicken_g,g,6802
2026-03-21,Beef_g,g,2170
2026-03-21,Pork_g,g,1620
2026-03-21,Salmon_g,g,990
2026-03-21,Seafood_g,g,1990
2026-03-21,Anchovy_g,g,75
2026-03-21,Potato_g,g,4650
2026-03-21,Bread_g,g,540
2026-03-21,Pita_g,g,480
2026-03-21,CookingOil_g,g,1085
2026-03-21,OliveOil_g,g,371.4
2026-03-21,Milk_ml,ml,4680
2026-03-21,Cream_ml,ml,540
2026-03-21,Soda_ml,ml,18810
2026-03-21,Beer_ml,ml,24090
2026-03-21,Wine_ml,ml,870
2026-03-21,Soju_ml,ml,2520
2026-03-21,Spirits_ml,ml,825
2026-03-21,Sugar_g,g,460
2026-03-21,Butter_g,g,300
2026-03-21,Egg_count,count,16
2026-03-21,Chocolate_g,g,270
2026-03-21,SauceOther_g,g,2953
2026-03-21,Lime_g,g,265
2026-03-21,Mint_g,g,15
2026-03-22,Flour_g,g,8855
2026-03-22,TomatoSauce_g,g,3024
2026-03-22,WhiteSauce_g,g,480
2026-03-22,Mozzarella_g,g,4752
2026-03-22,Parmesan_g,g,80
2026-03-22,Pesto_g,g,271
2026-03-22,VegMix_g,g,3794
2026-03-22,Mushroom_g,g,560
2026-03-22,Garlic_g,g,116
2026-03-22,Onion_g,g,527
2026-03-22,Chicken_g,g,7666
2026-03-22,Beef_g,g,3120
2026-03-22,Pork_g,g,900
2026-03-22,Salmon_g,g,540
2026-03-22,Seafood_g,g,2048
2026-03-22,Anchovy_g,g,25
2026-03-22,Potato_g,g,5800
2026-03-22,Bread_g,g,540
2026-03-22,Pita_g,g,720
2026-03-22,CookingOil_g,g,1270
2026-03-22,OliveOil_g,g,391.8
2026-03-22,Milk_ml,ml,3720
2026-03-22,Cream_ml,ml,960
2026-03-22,Soda_ml,ml,19590
2026-03-22,Beer_ml,ml,18780
2026-03-22,Wine_ml,ml,2430
2026-03-22,Soju_ml,ml,3960
2026-03-22,Spirits_ml,ml,1005
2026-03-22,Sugar_g,g,490
2026-03-22,Butter_g,g,310
2026-03-22,Egg_count,count,18
2026-03-22,Chocolate_g,g,355
2026-03-22,SauceOther_g,g,3925
2026-03-22,Lime_g,g,310
2026-03-22,Mint_g,g,30
2026-03-23,Flour_g,g,7205
2026-03-23,TomatoSauce_g,g,2520
2026-03-23,WhiteSauce_g,g,400
2026-03-23,Mozzarella_g,g,3960
2026-03-23,Parmesan_g,g,40
2026-03-23,Pesto_g,g,226
2026-03-23,VegMix_g,g,3842
2026-03-23,Mushroom_g,g,140
2026-03-23,Garlic_g,g,108.8
2026-03-23,Onion_g,g,502
2026-03-23,Chicken_g,g,7192
2026-03-23,Beef_g,g,2170
2026-03-23,Pork_g,g,1360
2026-03-23,Salmon_g,g,1080
2026-03-23,Seafood_g,g,732
2026-03-23,Potato_g,g,6100
2026-03-23,Bread_g,g,540
2026-03-23,Pita_g,g,360
2026-03-23,CookingOil_g,g,1180
2026-03-23,OliveOil_g,g,354
2026-03-23,Milk_ml,ml,4200
2026-03-23,Cream_ml,ml,1140
2026-03-23,Soda_ml,ml,15510
2026-03-23,Beer_ml,ml,15440
2026-03-23,Wine_ml,ml,870
2026-03-23,Soju_ml,ml,2880
2026-03-23,Spirits_ml,ml,1425
2026-03-23,Sugar_g,g,450
2026-03-23,Butter_g,g,210
2026-03-23,Egg_count,count,20
2026-03-23,Chocolate_g,g,375
2026-03-23,SauceOther_g,g,2837
2026-03-23,Lime_g,g,280
2026-03-23,Mint_g,g,10
2026-03-24,Flour_g,g,6040
2026-03-24,TomatoSauce_g,g,2268
2026-03-24,WhiteSauce_g,g,160
2026-03-24,Mozzarella_g,g,3264
2026-03-24,Parmesan_g,g,120
2026-03-24,Pesto_g,g,223
2026-03-24,VegMix_g,g,2896
2026-03-24,Mushroom_g,g,140
2026-03-24,Garlic_g,g,87.8
2026-03-24,Onion_g,g,410
2026-03-24,Chicken_g,g,5152
2026-03-24,Beef_g,g,2320
2026-03-24,Pork_g,g,1420
2026-03-24,Salmon_g,g,810
2026-03-24,Seafood_g,g,1234
2026-03-24,Anchovy_g,g,25
2026-03-24,Potato_g,g,5050
2026-03-24,Bread_g,g,810
2026-03-24,Pita_g,g,240
2026-03-24,CookingOil_g,g,940
2026-03-24,OliveOil_g,g,327.6
2026-03-24,Milk_ml,ml,2340
2026-03-24,Cream_ml,ml,600
2026-03-24,Soda_ml,ml,13710
2026-03-24,Beer_ml,ml,14120
2026-03-24,Wine_ml,ml,3360
2026-03-24,Soju_ml,ml,3960
2026-03-24,Spirits_ml,ml,855
2026-03-24,Sugar_g,g,370
2026-03-24,Butter_g,g,210
2026-03-24,Egg_count,count,13
2026-03-24,Chocolate_g,g,310
2026-03-24,SauceOther_g,g,2855
2026-03-24,Lime_g,g,250
2026-03-24,Mint_g,g,10
2026-03-25,Flour_g,g,8510
2026-03-25,TomatoSauce_g,g,3078
2026-03-25,WhiteSauce_g,g,400
2026-03-25,Mozzarella_g,g,4704
2026-03-25,Parmesan_g,g,60
2026-03-25,Pesto_g,g,259
2026-03-25,VegMix_g,g,3460
2026-03-25,Garlic_g,g,116.8
2026-03-25,Onion_g,g,382
2026-03-25,Chicken_g,g,5828
2026-03-25,Beef_g,g,1440
2026-03-25,Pork_g,g,1200
2026-03-25,Salmon_g,g,900
2026-03-25,Seafood_g,g,2148
2026-03-25,Anchovy_g,g,100
2026-03-25,Potato_g,g,6300
2026-03-25,Bread_g,g,450
2026-03-25,Pita_g,g,480
2026-03-25,CookingOil_g,g,1115
2026-03-25,OliveOil_g,g,383.6
2026-03-25,Milk_ml,ml,3060
2026-03-25,Cream_ml,ml,1560
2026-03-25,Soda_ml,ml,13110
2026-03-25,Beer_ml,ml,12270
2026-03-25,Wine_ml,ml,1680
2026-03-25,Soju_ml,ml,3600
2026-03-25,Spirits_ml,ml,1320
2026-03-25,Sugar_g,g,620
2026-03-25,Butter_g,g,220
2026-03-25,Egg_count,count,21
2026-03-25,Chocolate_g,g,640
2026-03-25,SauceOther_g,g,2735
2026-03-25,Lime_g,g,385
2026-03-25,Mint_g,g,25
2026-03-26,Flour_g,g,7270
2026-03-26,TomatoSauce_g,g,2232
2026-03-26,WhiteSauce_g,g,640
2026-03-26,Mozzarella_g,g,3936
2026-03-26,Parmesan_g,g,20
2026-03-26,Pesto_g,g,227
2026-03-26,VegMix_g,g,3700
2026-03-26,Mushroom_g,g,700
2026-03-26,Garlic_g,g,94.6
2026-03-26,Onion_g,g,442
2026-03-26,Chicken_g,g,8472
2026-03-26,Beef_g,g,2450
2026-03-26,Pork_g,g,960
2026-03-26,Salmon_g,g,2070
2026-03-26,Seafood_g,g,1034
2026-03-26,Anchovy_g,g,25
2026-03-26,Potato_g,g,7100
2026-03-26,Bread_g,g,450
2026-03-26,Pita_g,g,480
2026-03-26,CookingOil_g,g,1365
2026-03-26,OliveOil_g,g,362.4
2026-03-26,Milk_ml,ml,2760
2026-03-26,Cream_ml,ml,660
2026-03-26,Soda_ml,ml,10920
2026-03-26,Beer_ml,ml,14950
2026-03-26,Wine_ml,ml,1800
2026-03-26,Soju_ml,ml,3240
2026-03-26,Spirits_ml,ml,1320
2026-03-26,Sugar_g,g,450
2026-03-26,Butter_g,g,260
2026-03-26,Egg_count,count,19
2026-03-26,Chocolate_g,g,240
2026-03-26,SauceOther_g,g,3495
2026-03-26,Lime_g,g,370
2026-03-26,Mint_g,g,25
2026-03-28,Flour_g,g,8875
2026-03-28,TomatoSauce_g,g,2700
2026-03-28,WhiteSauce_g,g,800
2026-03-28,Mozzarella_g,g,4800
2026-03-28,Parmesan_g,g,60
2026-03-28,Pesto_g,g,295
2026-03-28,VegMix_g,g,4388
2026-03-28,Mushroom_g,g,700
2026-03-28,Garlic_g,g,120.2
2026-03-28,Onion_g,g,499
2026-03-28,Chicken_g,g,8332
2026-03-28,Beef_g,g,2610
2026-03-28,Pork_g,g,1480
2026-03-28,Salmon_g,g,720
2026-03-28,Seafood_g,g,1128
2026-03-28,Potato_g,g,7300
2026-03-28,Bread_g,g,900
2026-03-28,Pita_g,g,240
2026-03-28,CookingOil_g,g,1410
2026-03-28,OliveOil_g,g,440
2026-03-28,Milk_ml,ml,4860
2026-03-28,Cream_ml,ml,660
2026-03-28,Soda_ml,ml,16080
2026-03-28,Beer_ml,ml,22430
2026-03-28,Wine_ml,ml,3990
2026-03-28,Soju_ml,ml,4320
2026-03-28,Spirits_ml,ml,1275
2026-03-28,Sugar_g,g,610
2026-03-28,Butter_g,g,390
2026-03-28,Egg_count,count,20
2026-03-28,Chocolate_g,g,265
2026-03-28,SauceOther_g,g,3047
2026-03-28,Lime_g,g,280
2026-03-28,Mint_g,g,20
2026-03-29,Flour_g,g,8770
2026-03-29,TomatoSauce_g,g,2862
2026-03-29,WhiteSauce_g,g,560
2026-03-29,Mozzarella_g,g,4656
2026-03-29,Parmesan_g,g,40
2026-03-29,Pesto_g,g,264
2026-03-29,VegMix_g,g,3968
2026-03-29,Mushroom_g,g,420
2026-03-29,Garlic_g,g,118.8
2026-03-29,Onion_g,g,630
2026-03-29,Chicken_g,g,8452
2026-03-29,Beef_g,g,1790
2026-03-29,Pork_g,g,1220
2026-03-29,Salmon_g,g,1350
2026-03-29,Seafood_g,g,778
2026-03-29,Potato_g,g,5550
2026-03-29,Bread_g,g,720
2026-03-29,Pita_g,g,360
2026-03-29,CookingOil_g,g,1340
2026-03-29,OliveOil_g,g,425.4
2026-03-29,Milk_ml,ml,3240
2026-03-29,Cream_ml,ml,900
2026-03-29,Soda_ml,ml,13860
2026-03-29,Beer_ml,ml,18760
2026-03-29,Wine_ml,ml,3810
2026-03-29,Soju_ml,ml,4320
2026-03-29,Spirits_ml,ml,1035
2026-03-29,Sugar_g,g,770
2026-03-29,Butter_g,g,450
2026-03-29,Egg_count,count,27
2026-03-29,Chocolate_g,g,410
2026-03-29,SauceOther_g,g,2599
2026-03-29,Lime_g,g,300
2026-03-29,Mint_g,g,30
2026-03-30,Flour_g,g,7620
2026-03-30,TomatoSauce_g,g,2664
2026-03-30,WhiteSauce_g,g,400
2026-03-30,Mozzarella_g,g,4152
2026-03-30,Parmesan_g,g,60
2026-03-30,Pesto_g,g,198
2026-03-30,VegMix_g,g,3284
2026-03-30,Mushroom_g,g,420
2026-03-30,Garlic_g,g,90.6
2026-03-30,Onion_g,g,354
2026-03-30,Chicken_g,g,8788
2026-03-30,Beef_g,g,1110
2026-03-30,Pork_g,g,780
2026-03-30,Salmon_g,g,1350
2026-03-30,Seafood_g,g,950
2026-03-30,Anchovy_g,g,75
2026-03-30,Potato_g,g,5450
2026-03-30,Bread_g,g,540
2026-03-30,Pita_g,g,360
2026-03-30,CookingOil_g,g,1380
2026-03-30,OliveOil_g,g,371.8
2026-03-30,Milk_ml,ml,3240
2026-03-30,Cream_ml,ml,540
2026-03-30,Soda_ml,ml,13680
2026-03-30,Beer_ml,ml,15640
2026-03-30,Wine_ml,ml,1560
2026-03-30,Soju_ml,ml,1800
2026-03-30,Spirits_ml,ml,1125
2026-03-30,Sugar_g,g,350
2026-03-30,Butter_g,g,150
2026-03-30,Egg_count,count,12
2026-03-30,Chocolate_g,g,210
2026-03-30,SauceOther_g,g,2758
2026-03-30,Lime_g,g,300
2026-03-30,Mint_g,g,10
2026-03-31,Flour_g,g,7935
2026-03-31,TomatoSauce_g,g,2790
2026-03-31,WhiteSauce_g,g,400
2026-03-31,Mozzarella_g,g,4320
2026-03-31,Parmesan_g,g,40
2026-03-31,Pesto_g,g,192
2026-03-31,VegMix_g,g,2726
2026-03-31,Garlic_g,g,106.2
2026-03-31,Onion_g,g,438
2026-03-31,Chicken_g,g,6754
2026-03-31,Beef_g,g,3050
2026-03-31,Pork_g,g,940
2026-03-31,Salmon_g,g,360
2026-03-31,Seafood_g,g,2076
2026-03-31,Anchovy_g,g,50
2026-03-31,Potato_g,g,6200
2026-03-31,Bread_g,g,450
2026-03-31,Pita_g,g,360
2026-03-31,CookingOil_g,g,1130
2026-03-31,OliveOil_g,g,348
2026-03-31,Milk_ml,ml,2520
2026-03-31,Cream_ml,ml,1140
2026-03-31,Soda_ml,ml,15930
2026-03-31,Beer_ml,ml,13790
2026-03-31,Wine_ml,ml,2610
2026-03-31,Soju_ml,ml,2880
2026-03-31,Spirits_ml,ml,1200
2026-03-31,Sugar_g,g,570
2026-03-31,Butter_g,g,290
2026-03-31,Egg_count,count,19
2026-03-31,Chocolate_g,g,505
2026-03-31,SauceOther_g,g,3006
2026-03-31,Lime_g,g,325
2026-03-31,Mint_g,g,20
2026-04-01,Flour_g,g,8565
2026-04-01,TomatoSauce_g,g,2880
2026-04-01,WhiteSauce_g,g,560
2026-04-01,Mozzarella_g,g,4680
2026-04-01,Parmesan_g,g,40
2026-04-01,Pesto_g,g,214
2026-04-01,VegMix_g,g,3664
2026-04-01,Mushroom_g,g,560
2026-04-01,Garlic_g,g,141.4
2026-04-01,Onion_g,g,698
2026-04-01,Chicken_g,g,6154
2026-04-01,Beef_g,g,2540
2026-04-01,Pork_g,g,940
2026-04-01,Salmon_g,g,990
2026-04-01,Seafood_g,g,1426
2026-04-01,Potato_g,g,5050
2026-04-01,Bread_g,g,810
2026-04-01,Pita_g,g,480
2026-04-01,CookingOil_g,g,995
2026-04-01,OliveOil_g,g,427
2026-04-01,Milk_ml,ml,3840
2026-04-01,Cream_ml,ml,1200
2026-04-01,Soda_ml,ml,11910
2026-04-01,Beer_ml,ml,18120
2026-04-01,Wine_ml,ml,990
2026-04-01,Soju_ml,ml,5760
2026-04-01,Spirits_ml,ml,1155
2026-04-01,Sugar_g,g,650
2026-04-01,Butter_g,g,350
2026-04-01,Egg_count,count,27
2026-04-01,Chocolate_g,g,485
2026-04-01,SauceOther_g,g,2925
2026-04-01,Lime_g,g,370
2026-04-01,Mint_g,g,25
2026-04-02,Flour_g,g,6240
2026-04-02,TomatoSauce_g,g,2268
2026-04-02,WhiteSauce_g,g,160
2026-04-02,Mozzarella_g,g,3264
2026-04-02,Parmesan_g,g,40
2026-04-02,Pesto_g,g,330
2026-04-02,VegMix_g,g,3910
2026-04-02,Mushroom_g,g,140
2026-04-02,Garlic_g,g,98.4
2026-04-02,Onion_g,g,562
2026-04-02,Chicken_g,g,6246
2026-04-02,Beef_g,g,1420
2026-04-02,Pork_g,g,800
2026-04-02,Salmon_g,g,1710
2026-04-02,Seafood_g,g,1142
2026-04-02,Potato_g,g,5650
2026-04-02,Bread_g,g,990
2026-04-02,Pita_g,g,360
2026-04-02,CookingOil_g,g,1245
2026-04-02,OliveOil_g,g,362.6
2026-04-02,Milk_ml,ml,4080
2026-04-02,Cream_ml,ml,1260
2026-04-02,Soda_ml,ml,12780
2026-04-02,Beer_ml,ml,13130
2026-04-02,Wine_ml,ml,750
2026-04-02,Soju_ml,ml,4320
2026-04-02,Spirits_ml,ml,1200
2026-04-02,Sugar_g,g,600
2026-04-02,Butter_g,g,270
2026-04-02,Egg_count,count,24
2026-04-02,Chocolate_g,g,520
2026-04-02,SauceOther_g,g,2542
2026-04-02,Lime_g,g,280
2026-04-02,Mint_g,g,5
2026-04-03,Flour_g,g,6995
2026-04-03,TomatoSauce_g,g,2718
2026-04-03,WhiteSauce_g,g,80
2026-04-03,Mozzarella_g,g,3744
2026-04-03,Pesto_g,g,243
2026-04-03,VegMix_g,g,4202
2026-04-03,Mushroom_g,g,140
2026-04-03,Garlic_g,g,124
2026-04-03,Onion_g,g,653
2026-04-03,Chicken_g,g,5838
2026-04-03,Beef_g,g,2910
2026-04-03,Pork_g,g,560
2026-04-03,Salmon_g,g,360
2026-04-03,Seafood_g,g,1956
2026-04-03,Anchovy_g,g,100
2026-04-03,Potato_g,g,6800
2026-04-03,Bread_g,g,1080
2026-04-03,Pita_g,g,840
2026-04-03,CookingOil_g,g,1130
2026-04-03,OliveOil_g,g,374.6
2026-04-03,Milk_ml,ml,4020
2026-04-03,Cream_ml,ml,1380
2026-04-03,Soda_ml,ml,16440
2026-04-03,Beer_ml,ml,16950
2026-04-03,Wine_ml,ml,1800
2026-04-03,Soju_ml,ml,2880
2026-04-03,Spirits_ml,ml,1425
2026-04-03,Sugar_g,g,650
2026-04-03,Butter_g,g,300
2026-04-03,Egg_count,count,21
2026-04-03,Chocolate_g,g,605
2026-04-03,SauceOther_g,g,3971
2026-04-03,Lime_g,g,370
2026-04-03,Mint_g,g,25
2026-04-04,Flour_g,g,6745
2026-04-04,TomatoSauce_g,g,2142
2026-04-04,WhiteSauce_g,g,560
2026-04-04,Mozzarella_g,g,3696
2026-04-04,Parmesan_g,g,20
2026-04-04,Pesto_g,g,257
2026-04-04,VegMix_g,g,3258
2026-04-04,Mushroom_g,g,700
2026-04-04,Garlic_g,g,98.8
2026-04-04,Onion_g,g,450
2026-04-04,Chicken_g,g,5944
2026-04-04,Beef_g,g,2250
2026-04-04,Pork_g,g,820
2026-04-04,Salmon_g,g,1170
2026-04-04,Seafood_g,g,1714
2026-04-04,Anchovy_g,g,50
2026-04-04,Potato_g,g,6800
2026-04-04,Bread_g,g,990
2026-04-04,Pita_g,g,360
2026-04-04,CookingOil_g,g,1075
2026-04-04,OliveOil_g,g,386.4
2026-04-04,Milk_ml,ml,4800
2026-04-04,Cream_ml,ml,840
2026-04-04,Soda_ml,ml,16050
2026-04-04,Beer_ml,ml,21090
2026-04-04,Wine_ml,ml,420
2026-04-04,Soju_ml,ml,3600
2026-04-04,Spirits_ml,ml,810
2026-04-04,Sugar_g,g,370
2026-04-04,Butter_g,g,240
2026-04-04,Egg_count,count,15
2026-04-04,Chocolate_g,g,325
2026-04-04,SauceOther_g,g,3062
2026-04-04,Lime_g,g,185
2026-04-04,Mint_g,g,20
2026-04-05,Flour_g,g,6860
2026-04-05,TomatoSauce_g,g,2718
2026-04-05,WhiteSauce_g,g,80
2026-04-05,Mozzarella_g,g,3744
2026-04-05,Parmesan_g,g,80
2026-04-05,Pesto_g,g,276
2026-04-05,VegMix_g,g,3166
2026-04-05,Mushroom_g,g,140
2026-04-05,Garlic_g,g,118.4
2026-04-05,Onion_g,g,587
2026-04-05,Chicken_g,g,5918
2026-04-05,Beef_g,g,3750
2026-04-05,Pork_g,g,2020
2026-04-05,Salmon_g,g,810
2026-04-05,Seafood_g,g,1138
2026-04-05,Anchovy_g,g,25
2026-04-05,Potato_g,g,5400
2026-04-05,Bread_g,g,1080
2026-04-05,Pita_g,g,240
2026-04-05,CookingOil_g,g,900
2026-04-05,OliveOil_g,g,384.6
2026-04-05,Milk_ml,ml,4680
2026-04-05,Cream_ml,ml,1080
2026-04-05,Soda_ml,ml,17430
2026-04-05,Beer_ml,ml,17440
2026-04-05,Wine_ml,ml,1230
2026-04-05,Soju_ml,ml,1440
2026-04-05,Spirits_ml,ml,1200
2026-04-05,Sugar_g,g,570
2026-04-05,Butter_g,g,390
2026-04-05,Egg_count,count,21
2026-04-05,Chocolate_g,g,420
2026-04-05,SauceOther_g,g,3553
2026-04-05,Lime_g,g,310
2026-04-05,Mint_g,g,25
2026-04-06,Flour_g,g,6905
2026-04-06,TomatoSauce_g,g,1908
2026-04-06,WhiteSauce_g,g,720
2026-04-06,Mozzarella_g,g,3624
2026-04-06,Parmesan_g,g,60
2026-04-06,Pesto_g,g,167
2026-04-06,VegMix_g,g,3162
2026-04-06,Mushroom_g,g,840
2026-04-06,Garlic_g,g,99.8
2026-04-06,Onion_g,g,368
2026-04-06,Chicken_g,g,6806
2026-04-06,Beef_g,g,2410
2026-04-06,Pork_g,g,1340
2026-04-06,Salmon_g,g,1080
2026-04-06,Seafood_g,g,2100
2026-04-06,Anchovy_g,g,25
2026-04-06,Potato_g,g,5650
2026-04-06,Bread_g,g,1080
2026-04-06,Pita_g,g,600
2026-04-06,CookingOil_g,g,1225
2026-04-06,OliveOil_g,g,391.6
2026-04-06,Milk_ml,ml,4500
2026-04-06,Cream_ml,ml,360
2026-04-06,Soda_ml,ml,13950
2026-04-06,Beer_ml,ml,13950
2026-04-06,Wine_ml,ml,990
2026-04-06,Soju_ml,ml,3240
2026-04-06,Spirits_ml,ml,1515
2026-04-06,Sugar_g,g,420
2026-04-06,Butter_g,g,240
2026-04-06,Egg_count,count,8
2026-04-06,Chocolate_g,g,225
2026-04-06,SauceOther_g,g,3753
2026-04-06,Lime_g,g,345
2026-04-06,Mint_g,g,5
2026-04-07,Flour_g,g,8300
2026-04-07,TomatoSauce_g,g,3132
2026-04-07,WhiteSauce_g,g,320
2026-04-07,Mozzarella_g,g,4656
2026-04-07,Parmesan_g,g,20
2026-04-07,Pesto_g,g,332
2026-04-07,VegMix_g,g,2556
2026-04-07,Mushroom_g,g,280
2026-04-07,Garlic_g,g,114.4
2026-04-07,Onion_g,g,533
2026-04-07,Chicken_g,g,5092
2026-04-07,Beef_g,g,2070
2026-04-07,Pork_g,g,1100
2026-04-07,Salmon_g,g,180
2026-04-07,Seafood_g,g,1132
2026-04-07,Anchovy_g,g,25
2026-04-07,Potato_g,g,3600
2026-04-07,Bread_g,g,810
2026-04-07,Pita_g,g,240
2026-04-07,CookingOil_g,g,715
2026-04-07,OliveOil_g,g,405.4
2026-04-07,Milk_ml,ml,5880
2026-04-07,Cream_ml,ml,1080
2026-04-07,Soda_ml,ml,16350
2026-04-07,Beer_ml,ml,13610
2026-04-07,Wine_ml,ml,990
2026-04-07,Soju_ml,ml,4680
2026-04-07,Spirits_ml,ml,1140
2026-04-07,Sugar_g,g,640
2026-04-07,Butter_g,g,310
2026-04-07,Egg_count,count,17
2026-04-07,Chocolate_g,g,570
2026-04-07,SauceOther_g,g,2273
2026-04-07,Lime_g,g,320
2026-04-07,Mint_g,g,20
2026-04-08,Flour_g,g,7750
2026-04-08,TomatoSauce_g,g,2502
2026-04-08,WhiteSauce_g,g,560
2026-04-08,Mozzarella_g,g,4176
2026-04-08,Parmesan_g,g,80
2026-04-08,Pesto_g,g,258
2026-04-08,VegMix_g,g,2984
2026-04-08,Mushroom_g,g,560
2026-04-08,Garlic_g,g,108.8
2026-04-08,Onion_g,g,465
2026-04-08,Chicken_g,g,6386
2026-04-08,Beef_g,g,1460
2026-04-08,Pork_g,g,1180
2026-04-08,Salmon_g,g,810
2026-04-08,Seafood_g,g,1430
2026-04-08,Anchovy_g,g,50
2026-04-08,Potato_g,g,6350
2026-04-08,Bread_g,g,810
2026-04-08,Pita_g,g,120
2026-04-08,CookingOil_g,g,1315
2026-04-08,OliveOil_g,g,388.4
2026-04-08,Milk_ml,ml,3360
2026-04-08,Cream_ml,ml,960
2026-04-08,Soda_ml,ml,12870
2026-04-08,Beer_ml,ml,16120
2026-04-08,Wine_ml,ml,60
2026-04-08,Soju_ml,ml,3240
2026-04-08,Spirits_ml,ml,855
2026-04-08,Sugar_g,g,440
2026-04-08,Butter_g,g,210
2026-04-08,Egg_count,count,17
2026-04-08,Chocolate_g,g,390
2026-04-08,SauceOther_g,g,2305
2026-04-08,Lime_g,g,205
2026-04-08,Mint_g,g,20
2026-04-09,Flour_g,g,4800
2026-04-09,TomatoSauce_g,g,1530
2026-04-09,WhiteSauce_g,g,240
2026-04-09,Mozzarella_g,g,2400
2026-04-09,Parmesan_g,g,40
2026-04-09,Pesto_g,g,201
2026-04-09,VegMix_g,g,2830
2026-04-09,Mushroom_g,g,140
2026-04-09,Garlic_g,g,70.2
2026-04-09,Onion_g,g,366
2026-04-09,Chicken_g,g,5182
2026-04-09,Beef_g,g,2960
2026-04-09,Pork_g,g,1220
2026-04-09,Salmon_g,g,630
2026-04-09,Seafood_g,g,1894
2026-04-09,Anchovy_g,g,25
2026-04-09,Potato_g,g,6200
2026-04-09,Bread_g,g,720
2026-04-09,Pita_g,g,120
2026-04-09,CookingOil_g,g,1040
2026-04-09,OliveOil_g,g,255
2026-04-09,Milk_ml,ml,5580
2026-04-09,Cream_ml,ml,1140
2026-04-09,Soda_ml,ml,14400
2026-04-09,Beer_ml,ml,19110
2026-04-09,Wine_ml,ml,1110
2026-04-09,Soju_ml,ml,2520
2026-04-09,Spirits_ml,ml,1170
2026-04-09,Sugar_g,g,600
2026-04-09,Butter_g,g,340
2026-04-09,Egg_count,count,22
2026-04-09,Chocolate_g,g,520
2026-04-09,SauceOther_g,g,2915
2026-04-09,Lime_g,g,335
2026-04-09,Mint_g,g,20
2026-04-10,Flour_g,g,6650
2026-04-10,TomatoSauce_g,g,1890
2026-04-10,WhiteSauce_g,g,560
2026-04-10,Mozzarella_g,g,3360
2026-04-10,Parmesan_g,g,20
2026-04-10,Pesto_g,g,202
2026-04-10,VegMix_g,g,3114
2026-04-10,Mushroom_g,g,560
2026-04-10,Garlic_g,g,83
2026-04-10,Onion_g,g,311
2026-04-10,Chicken_g,g,7480
2026-04-10,Beef_g,g,2690
2026-04-10,Pork_g,g,960
2026-04-10,Salmon_g,g,630
2026-04-10,Seafood_g,g,1318
2026-04-10,Anchovy_g,g,75
2026-04-10,Potato_g,g,8250
2026-04-10,Bread_g,g,450
2026-04-10,Pita_g,g,360
2026-04-10,CookingOil_g,g,1515
2026-04-10,OliveOil_g,g,289
2026-04-10,Milk_ml,ml,3240
2026-04-10,Cream_ml,ml,540
2026-04-10,Soda_ml,ml,20220
2026-04-10,Beer_ml,ml,17430
2026-04-10,Wine_ml,ml,4050
2026-04-10,Soju_ml,ml,2160
2026-04-10,Spirits_ml,ml,1605
2026-04-10,Sugar_g,g,850
2026-04-10,Butter_g,g,520
2026-04-10,Egg_count,count,21
2026-04-10,Chocolate_g,g,410
2026-04-10,SauceOther_g,g,3687
2026-04-10,Lime_g,g,520
2026-04-10,Mint_g,g,30
2026-04-20,Flour_g,g,6545
2026-04-20,TomatoSauce_g,g,2322
2026-04-20,WhiteSauce_g,g,320
2026-04-20,Mozzarella_g,g,3576
2026-04-20,Parmesan_g,g,80
2026-04-20,Pesto_g,g,182
2026-04-20,VegMix_g,g,3402
2026-04-20,Mushroom_g,g,560
2026-04-20,Garlic_g,g,111.2
2026-04-20,Onion_g,g,572
2026-04-20,Chicken_g,g,5242
2026-04-20,Beef_g,g,1830
2026-04-20,Pork_g,g,1040
2026-04-20,Salmon_g,g,360
2026-04-20,Seafood_g,g,964
2026-04-20,Anchovy_g,g,25
2026-04-20,Potato_g,g,4750
2026-04-20,Bread_g,g,1080
2026-04-20,Pita_g,g,240
2026-04-20,CookingOil_g,g,975
2026-04-20,OliveOil_g,g,368.4
2026-04-20,Milk_ml,ml,4500
2026-04-20,Cream_ml,ml,1020
2026-04-20,Soda_ml,ml,12090
2026-04-20,Beer_ml,ml,13430
2026-04-20,Wine_ml,ml,1560
2026-04-20,Soju_ml,ml,3240
2026-04-20,Spirits_ml,ml,1095
2026-04-20,Sugar_g,g,410
2026-04-20,Butter_g,g,180
2026-04-20,Egg_count,count,18
2026-04-20,Chocolate_g,g,325
2026-04-20,SauceOther_g,g,2097
2026-04-20,Lime_g,g,240
2026-04-20,Mint_g,g,15
2026-04-21,Flour_g,g,8910
2026-04-21,TomatoSauce_g,g,3006
2026-04-21,WhiteSauce_g,g,560
2026-04-21,Mozzarella_g,g,4848
2026-04-21,Parmesan_g,g,100
2026-04-21,Pesto_g,g,252
2026-04-21,VegMix_g,g,3170
2026-04-21,Mushroom_g,g,420
2026-04-21,Garlic_g,g,131.4
2026-04-21,Onion_g,g,510
2026-04-21,Chicken_g,g,6304
2026-04-21,Beef_g,g,3000
2026-04-21,Pork_g,g,1580
2026-04-21,Salmon_g,g,90
2026-04-21,Seafood_g,g,1598
2026-04-21,Anchovy_g,g,50
2026-04-21,Potato_g,g,5700
2026-04-21,Bread_g,g,900
2026-04-21,Pita_g,g,360
2026-04-21,CookingOil_g,g,1155
2026-04-21,OliveOil_g,g,423.2
2026-04-21,Milk_ml,ml,4260
2026-04-21,Cream_ml,ml,840
2026-04-21,Soda_ml,ml,10800
2026-04-21,Beer_ml,ml,15930
2026-04-21,Wine_ml,ml,1740
2026-04-21,Soju_ml,ml,2880
2026-04-21,Spirits_ml,ml,1500
2026-04-21,Sugar_g,g,500
2026-04-21,Butter_g,g,270
2026-04-21,Egg_count,count,16
2026-04-21,Chocolate_g,g,390
2026-04-21,SauceOther_g,g,3265
2026-04-21,Lime_g,g,375
2026-04-21,Mint_g,g,25
2026-04-22,Flour_g,g,6550
2026-04-22,TomatoSauce_g,g,2034
2026-04-22,WhiteSauce_g,g,560
2026-04-22,Mozzarella_g,g,3552
2026-04-22,Parmesan_g,g,80
2026-04-22,Pesto_g,g,254
2026-04-22,VegMix_g,g,3788
2026-04-22,Mushroom_g,g,420
2026-04-22,Garlic_g,g,109.8
2026-04-22,Onion_g,g,557
2026-04-22,Chicken_g,g,6572
2026-04-22,Beef_g,g,2570
2026-04-22,Pork_g,g,1460
2026-04-22,Salmon_g,g,900
2026-04-22,Seafood_g,g,1076
2026-04-22,Potato_g,g,7900
2026-04-22,Bread_g,g,1350
2026-04-22,Pita_g,g,120
2026-04-22,CookingOil_g,g,1320
2026-04-22,OliveOil_g,g,406.8
2026-04-22,Milk_ml,ml,4020
2026-04-22,Cream_ml,ml,720
2026-04-22,Soda_ml,ml,13110
2026-04-22,Beer_ml,ml,17610
2026-04-22,Wine_ml,ml,1920
2026-04-22,Soju_ml,ml,4320
2026-04-22,Spirits_ml,ml,1350
2026-04-22,Sugar_g,g,310
2026-04-22,Butter_g,g,150
2026-04-22,Egg_count,count,13
2026-04-22,Chocolate_g,g,230
2026-04-22,SauceOther_g,g,3086
2026-04-22,Lime_g,g,400
2026-04-22,Mint_g,g,25
2026-04-23,Flour_g,g,6395
2026-04-23,TomatoSauce_g,g,1728
2026-04-23,WhiteSauce_g,g,640
2026-04-23,Mozzarella_g,g,3264
2026-04-23,Parmesan_g,g,40
2026-04-23,Pesto_g,g,163
2026-04-23,VegMix_g,g,2672
2026-04-23,Mushroom_g,g,840
2026-04-23,Garlic_g,g,84.8
2026-04-23,Onion_g,g,302
2026-04-23,Chicken_g,g,7560
2026-04-23,Beef_g,g,2980
2026-04-23,Pork_g,g,940
2026-04-23,Salmon_g,g,720
2026-04-23,Seafood_g,g,2644
2026-04-23,Anchovy_g,g,50
2026-04-23,Potato_g,g,8350
2026-04-23,Bread_g,g,720
2026-04-23,Pita_g,g,240
2026-04-23,CookingOil_g,g,1545
2026-04-23,OliveOil_g,g,317.6
2026-04-23,Milk_ml,ml,5820
2026-04-23,Cream_ml,ml,1080
2026-04-23,Soda_ml,ml,20250
2026-04-23,Beer_ml,ml,16610
2026-04-23,Wine_ml,ml,990
2026-04-23,Soju_ml,ml,4680
2026-04-23,Spirits_ml,ml,1230
2026-04-23,Sugar_g,g,530
2026-04-23,Butter_g,g,300
2026-04-23,Egg_count,count,20
2026-04-23,Chocolate_g,g,355
2026-04-23,SauceOther_g,g,3467
2026-04-23,Lime_g,g,375
2026-04-23,Mint_g,g,35
2026-04-24,Flour_g,g,10575
2026-04-24,TomatoSauce_g,g,4248
2026-04-24,WhiteSauce_g,g,160
2026-04-24,Mozzarella_g,g,5904
2026-04-24,Parmesan_g,g,20
2026-04-24,Pesto_g,g,346
2026-04-24,VegMix_g,g,3914
2026-04-24,Mushroom_g,g,140
2026-04-24,Garlic_g,g,147.4
2026-04-24,Onion_g,g,682
2026-04-24,Chicken_g,g,6912
2026-04-24,Beef_g,g,1820
2026-04-24,Pork_g,g,1100
2026-04-24,Salmon_g,g,1350
2026-04-24,Seafood_g,g,1370
2026-04-24,Anchovy_g,g,50
2026-04-24,Potato_g,g,7300
2026-04-24,Bread_g,g,540
2026-04-24,Pita_g,g,240
2026-04-24,CookingOil_g,g,1330
2026-04-24,OliveOil_g,g,483.6
2026-04-24,Milk_ml,ml,5460
2026-04-24,Cream_ml,ml,1080
2026-04-24,Soda_ml,ml,17490
2026-04-24,Beer_ml,ml,19760
2026-04-24,Wine_ml,ml,2310
2026-04-24,Soju_ml,ml,3600
2026-04-24,Spirits_ml,ml,1650
2026-04-24,Sugar_g,g,680
2026-04-24,Butter_g,g,370
2026-04-24,Egg_count,count,25
2026-04-24,Chocolate_g,g,465
2026-04-24,SauceOther_g,g,2604
2026-04-24,Lime_g,g,325
2026-04-24,Mint_g,g,15
2026-04-25,Flour_g,g,7740
2026-04-25,TomatoSauce_g,g,2790
2026-04-25,WhiteSauce_g,g,320
2026-04-25,Mozzarella_g,g,4200
2026-04-25,Parmesan_g,g,40
2026-04-25,Pesto_g,g,214
2026-04-25,VegMix_g,g,2990
2026-04-25,Mushroom_g,g,420
2026-04-25,Garlic_g,g,113
2026-04-25,Onion_g,g,542
2026-04-25,Chicken_g,g,7066
2026-04-25,Beef_g,g,2930
2026-04-25,Pork_g,g,1080
2026-04-25,Salmon_g,g,720
2026-04-25,Seafood_g,g,1504
2026-04-25,Anchovy_g,g,25
2026-04-25,Potato_g,g,7400
2026-04-25,Bread_g,g,990
2026-04-25,Pita_g,g,720
2026-04-25,CookingOil_g,g,1315
2026-04-25,OliveOil_g,g,405
2026-04-25,Milk_ml,ml,4980
2026-04-25,Cream_ml,ml,720
2026-04-25,Soda_ml,ml,16140
2026-04-25,Beer_ml,ml,15430
2026-04-25,Wine_ml,ml,1800
2026-04-25,Soju_ml,ml,5760
2026-04-25,Spirits_ml,ml,1755
2026-04-25,Sugar_g,g,600
2026-04-25,Butter_g,g,330
2026-04-25,Egg_count,count,18
2026-04-25,Chocolate_g,g,370
2026-04-25,SauceOther_g,g,3831
2026-04-25,Lime_g,g,405
2026-04-25,Mint_g,g,10
2026-04-26,Flour_g,g,7700
2026-04-26,TomatoSauce_g,g,2988
2026-04-26,WhiteSauce_g,g,160
2026-04-26,Mozzarella_g,g,4224
2026-04-26,Parmesan_g,g,100
2026-04-26,Pesto_g,g,325
2026-04-26,VegMix_g,g,2670
2026-04-26,Mushroom_g,g,140
2026-04-26,Garlic_g,g,111.6
2026-04-26,Onion_g,g,522
2026-04-26,Chicken_g,g,4804
2026-04-26,Beef_g,g,1740
2026-04-26,Pork_g,g,1300
2026-04-26,Salmon_g,g,1350
2026-04-26,Seafood_g,g,1026
2026-04-26,Potato_g,g,4300
2026-04-26,Bread_g,g,630
2026-04-26,Pita_g,g,120
2026-04-26,CookingOil_g,g,770
2026-04-26,OliveOil_g,g,386.6
2026-04-26,Milk_ml,ml,3420
2026-04-26,Cream_ml,ml,1380
2026-04-26,Soda_ml,ml,15870
2026-04-26,Beer_ml,ml,19440
2026-04-26,Wine_ml,ml,930
2026-04-26,Soju_ml,ml,3240
2026-04-26,Spirits_ml,ml,1410
2026-04-26,Sugar_g,g,860
2026-04-26,Butter_g,g,410
2026-04-26,Egg_count,count,29
2026-04-26,Chocolate_g,g,680
2026-04-26,SauceOther_g,g,1825
2026-04-26,Lime_g,g,410
2026-04-26,Mint_g,g,30
2026-04-27,Flour_g,g,8170
2026-04-27,TomatoSauce_g,g,2628
2026-04-27,WhiteSauce_g,g,640
2026-04-27,Mozzarella_g,g,4464
2026-04-27,Parmesan_g,g,20
2026-04-27,Pesto_g,g,296
2026-04-27,VegMix_g,g,3108
2026-04-27,Mushroom_g,g,700
2026-04-27,Garlic_g,g,117.6
2026-04-27,Onion_g,g,485
2026-04-27,Chicken_g,g,5902
2026-04-27,Beef_g,g,1800
2026-04-27,Pork_g,g,540
2026-04-27,Salmon_g,g,1260
2026-04-27,Seafood_g,g,1724
2026-04-27,Potato_g,g,5600
2026-04-27,Bread_g,g,630
2026-04-27,Pita_g,g,240
2026-04-27,CookingOil_g,g,1055
2026-04-27,OliveOil_g,g,402.6
2026-04-27,Milk_ml,ml,3960
2026-04-27,Cream_ml,ml,840
2026-04-27,Soda_ml,ml,15090
2026-04-27,Beer_ml,ml,16100
2026-04-27,Wine_ml,ml,3240
2026-04-27,Soju_ml,ml,6120
2026-04-27,Spirits_ml,ml,1245
2026-04-27,Sugar_g,g,470
2026-04-27,Butter_g,g,240
2026-04-27,Egg_count,count,15
2026-04-27,Chocolate_g,g,340
2026-04-27,SauceOther_g,g,2549
2026-04-27,Lime_g,g,270
2026-04-27,Mint_g,g,10
2026-04-28,Flour_g,g,7765
2026-04-28,TomatoSauce_g,g,2826
2026-04-28,WhiteSauce_g,g,320
2026-04-28,Mozzarella_g,g,4248
2026-04-28,Parmesan_g,g,100
2026-04-28,Pesto_g,g,208
2026-04-28,VegMix_g,g,2138
2026-04-28,Mushroom_g,g,280
2026-04-28,Garlic_g,g,110
2026-04-28,Onion_g,g,467
2026-04-28,Chicken_g,g,5826
2026-04-28,Beef_g,g,2660
2026-04-28,Pork_g,g,1720
2026-04-28,Salmon_g,g,360
2026-04-28,Seafood_g,g,1160
2026-04-28,Anchovy_g,g,25
2026-04-28,Potato_g,g,4850
2026-04-28,Bread_g,g,630
2026-04-28,Pita_g,g,480
2026-04-28,CookingOil_g,g,960
2026-04-28,OliveOil_g,g,358.2
2026-04-28,Milk_ml,ml,4140
2026-04-28,Cream_ml,ml,840
2026-04-28,Soda_ml,ml,14040
2026-04-28,Beer_ml,ml,17420
2026-04-28,Wine_ml,ml,1800
2026-04-28,Soju_ml,ml,3960
2026-04-28,Spirits_ml,ml,1365
2026-04-28,Sugar_g,g,680
2026-04-28,Butter_g,g,350
2026-04-28,Egg_count,count,16
2026-04-28,Chocolate_g,g,485
2026-04-28,SauceOther_g,g,2981
2026-04-28,Lime_g,g,385
2026-04-28,Mint_g,g,25
2026-04-29,Flour_g,g,7200
2026-04-29,TomatoSauce_g,g,2376
2026-04-29,WhiteSauce_g,g,480
2026-04-29,Mozzarella_g,g,3888
2026-04-29,Parmesan_g,g,40
2026-04-29,Pesto_g,g,125
2026-04-29,VegMix_g,g,3112
2026-04-29,Mushroom_g,g,560
2026-04-29,Garlic_g,g,101.8
2026-04-29,Onion_g,g,481
2026-04-29,Chicken_g,g,4748
2026-04-29,Beef_g,g,2650
2026-04-29,Pork_g,g,940
2026-04-29,Salmon_g,g,180
2026-04-29,Seafood_g,g,768
2026-04-29,Anchovy_g,g,100
2026-04-29,Potato_g,g,6250
2026-04-29,Bread_g,g,720
2026-04-29,Pita_g,g,120
2026-04-29,CookingOil_g,g,1000
2026-04-29,OliveOil_g,g,344.2
2026-04-29,Milk_ml,ml,4080
2026-04-29,Cream_ml,ml,1080
2026-04-29,Soda_ml,ml,15660
2026-04-29,Beer_ml,ml,12590
2026-04-29,Wine_ml,ml,420
2026-04-29,Soju_ml,ml,1800
2026-04-29,Spirits_ml,ml,1140
2026-04-29,Sugar_g,g,630
2026-04-29,Butter_g,g,340
2026-04-29,Egg_count,count,22
2026-04-29,Chocolate_g,g,520
2026-04-29,SauceOther_g,g,2705
2026-04-29,Lime_g,g,365
2026-04-29,Mint_g,g,25