Date,Ingredient,Closing_OnHand,On_Order_Qty,Reorder_Point,Qty_Expiring_Soon,Earliest_Expiry_Date,Suggested_Action
2026-02-01,Bread_g,1158.9,0,7163.01,0,2026-04-30,REORDER
2026-02-01,Seafood_g,2486.47,0,2937.64,0,2026-04-30,REORDER
2026-02-01,TomatoSauce_g,4830.41,0,5236.27,0,2026-05-01,REORDER
2026-02-01,WhiteSauce_g,636.71,0,797.81,0,2026-04-30,REORDER
2026-02-02,Bread_g,708.9,1000,7163.01,0,2026-04-30,REORDER
2026-02-02,Lime_g,387.26,0,691.51,0,2026-05-01,REORDER
2026-02-02,Mint_g,39.11,0,42.74,0,2026-05-03,REORDER
2026-02-02,TomatoSauce_g,5234.41,0,5236.27,0,2026-05-01,REORDER
2026-02-03,Beef_g,3146.71,0,4770.68,0,2026-04-30,REORDER
2026-02-03,Bread_g,0,1500,7163.01,0,2026-04-30,REORDER; SPOILAGE_WRITE_OFF
2026-02-03,Cream_ml,3713.42,0,4007.67,0,,REORDER
2026-02-03,Egg_count,69.99,0,78.85,0,2026-05-10,REORDER
2026-02-03,Garlic_g,206.08,0,218.99,0,2026-05-03,REORDER
2026-02-03,Mozzarella_g,15280.44,0,16356.82,0,,REORDER
2026-02-03,Mushroom_g,701.92,0,728.77,0,2026-05-01,REORDER
2026-02-03,Pesto_g,416.4,0,480.96,0,2026-05-02,REORDER
2026-02-03,SauceOther_g,5591.36,0,6047.34,0,2026-05-05,REORDER
2026-02-03,Seafood_g,1338.47,0,2937.64,0,2026-04-30,REORDER
2026-02-03,VegMix_g,6073.64,0,6644.66,0,2026-04-30,REORDER
2026-02-04,Bread_g,370,1500,7163.01,0,2026-04-30,REORDER
2026-02-04,Chicken_g,6374.11,0,13473.64,0,2026-05-02,REORDER
2026-02-04,Milk_ml,11749.32,0,16142.47,0,2026-05-02,REORDER
2026-02-04,Onion_g,515.84,0,955.53,0,2026-05-03,REORDER
2026-02-04,TomatoSauce_g,3122.41,0,5236.27,0,2026-05-01,REORDER
2026-02-04,WhiteSauce_g,0,0,797.81,0,2026-04-30,REORDER; SPOILAGE_WRITE_OFF
2026-02-05,Bread_g,420,1500,7163.01,0,2026-04-30,REORDER
2026-02-05,Lime_g,427.26,0,691.51,0,2026-05-01,REORDER
2026-02-05,Parmesan_g,201.92,0,248.77,0,2026-04-30,REORDER
2026-02-05,Seafood_g,1214.47,0,2937.64,0,2026-04-30,REORDER
2026-02-05,TomatoSauce_g,5008.41,0,5236.27,0,2026-05-01,REORDER
2026-02-06,Bread_g,880,1000,7163.01,0,2026-04-30,REORDER
2026-02-06,Butter_g,977.67,0,1195.07,0,2026-05-05,REORDER
2026-02-06,Cream_ml,3633.42,0,4007.67,0,,REORDER
2026-02-06,Egg_count,74.99,0,78.85,0,2026-05-10,REORDER
2026-02-06,Milk_ml,17000,0,16142.47,0,2026-05-02,SPOILAGE_WRITE_OFF
2026-02-06,Mozzarella_g,15940.44,0,16356.82,0,,REORDER
2026-02-06,Mushroom_g,661.92,0,728.77,0,2026-05-01,REORDER
2026-02-06,Seafood_g,2906.47,0,2937.64,0,2026-04-30,REORDER
2026-02-06,WhiteSauce_g,140,0,797.81,0,2026-04-30,REORDER
2026-02-07,Beef_g,4056.71,0,4770.68,0,2026-04-30,REORDER
2026-02-07,Bread_g,30,1000,7163.01,0,2026-04-30,REORDER
2026-02-07,Chicken_g,11894.11,0,13473.64,0,2026-05-02,REORDER
2026-02-07,Lime_g,602.26,0,691.51,0,2026-05-01,REORDER
2026-02-07,Milk_ml,13160,0,16142.47,0,2026-05-02,REORDER
2026-02-07,Mint_g,0,0,42.74,0,2026-05-03,REORDER; SPOILAGE_WRITE_OFF
2026-02-07,Pesto_g,383.4,0,480.96,0,2026-05-02,REORDER
2026-02-07,SauceOther_g,3905.36,0,6047.34,0,2026-05-05,REORDER
2026-02-07,TomatoSauce_g,4066.41,0,5236.27,0,2026-05-01,REORDER
2026-02-07,VegMix_g,3845.64,0,6644.66,0,2026-04-30,REORDER
2026-02-08,Beef_g,8000,0,4770.68,0,2026-04-30,SPOILAGE_WRITE_OFF
2026-02-08,Bread_g,80,2000,7163.01,0,2026-04-30,REORDER
2026-02-08,Garlic_g,152.28,0,218.99,0,2026-05-03,REORDER
2026-02-08,Onion_g,798.84,0,955.53,0,2026-05-03,REORDER
2026-02-08,Pork_g,6878.63,0,6933.7,0,2026-05-20,REORDER
2026-02-08,Potato_g,34604.11,0,37158.9,0,2026-05-20,REORDER
2026-02-08,Seafood_g,1500,0,2937.64,0,2026-04-30,REORDER; SPOILAGE_WRITE_OFF
2026-02-08,TomatoSauce_g,4934.41,0,5236.27,0,2026-05-01,REORDER
2026-02-08,WhiteSauce_g,520,0,797.81,0,2026-04-30,REORDER
2026-02-09,Bread_g,2360,2000,7163.01,0,2026-04-30,REORDER
2026-02-09,Garlic_g,500,0,218.99,0,2026-05-03,SPOILAGE_WRITE_OFF
2026-02-09,Lime_g,247.26,0,691.51,0,2026-05-01,REORDER
2026-02-09,Pita_g,1934.79,0,2012.05,0,2026-05-10,REORDER
2026-02-09,Salmon_g,5506.03,0,6139.73,0,2026-05-19,REORDER
2026-02-09,Seafood_g,3000,0,2937.64,0,2026-04-30,SPOILAGE_WRITE_OFF
2026-02-09,WhiteSauce_g,1000,0,797.81,0,2026-04-30,SPOILAGE_WRITE_OFF
2026-02-10,Beef_g,2840,0,4770.68,0,2026-04-30,REORDER
2026-02-10,Bread_g,3320,500,7163.01,0,2026-04-30,REORDER
2026-02-10,Cream_ml,3373.42,0,4007.67,0,,REORDER
2026-02-10,Egg_count,70.99,0,78.85,0,2026-05-10,REORDER
2026-02-10,Milk_ml,15480,0,16142.47,0,2026-05-02,REORDER
2026-02-10,Mozzarella_g,12836.44,0,16356.82,0,,REORDER
2026-02-10,SauceOther_g,5526.36,0,6047.34,0,2026-05-05,REORDER
2026-02-10,Seafood_g,1830,0,2937.64,0,2026-04-30,REORDER
2026-02-10,TomatoSauce_g,2768.41,0,5236.27,0,2026-05-01,REORDER
2026-02-10,VegMix_g,6103.64,0,6644.66,0,2026-04-30,REORDER
2026-02-11,Bread_g,2000,0,7163.01,0,2026-04-30,REORDER; SPOILAGE_WRITE_OFF
2026-02-11,Chicken_g,8690.11,0,13473.64,0,2026-05-02,REORDER
2026-02-11,Parmesan_g,241.92,0,248.77,0,2026-04-30,REORDER
2026-02-11,Pesto_g,455.4,0,480.96,0,2026-05-02,REORDER
2026-02-11,Seafood_g,3000,0,2937.64,0,2026-04-30,SPOILAGE_WRITE_OFF
2026-02-11,WhiteSauce_g,0,0,797.81,0,2026-04-30,REORDER; SPOILAGE_WRITE_OFF
2026-02-12,Beef_g,9500,0,4770.68,0,2026-04-30,SPOILAGE_WRITE_OFF
2026-02-12,Bread_g,500,500,7163.01,0,2026-04-30,REORDER; SPOILAGE_WRITE_OFF
2026-02-12,Chicken_g,25000,0,13473.64,0,2026-05-02,SPOILAGE_WRITE_OFF
2026-02-12,Mint_g,0,0,42.74,0,2026-05-03,REORDER; SPOILAGE_WRITE_OFF
2026-02-12,Mushroom_g,0,0,728.77,0,2026-05-01,REORDER; SPOILAGE_WRITE_OFF
2026-02-13,Bread_g,0,2000,7163.01,0,2026-04-30,REORDER; SPOILAGE_WRITE_OFF
2026-02-13,Pesto_g,1000,0,480.96,0,2026-05-02,SPOILAGE_WRITE_OFF
2026-02-13,Seafood_g,0,0,2937.64,0,2026-04-30,REORDER; SPOILAGE_WRITE_OFF
2026-02-13,TomatoSauce_g,5500,0,5236.27,0,2026-05-01,SPOILAGE_WRITE_OFF
2026-02-13,VegMix_g,11000,0,6644.66,0,2026-04-30,SPOILAGE_WRITE_OFF
2026-02-14,Bread_g,2510,2000,7163.01,0,2026-04-30,REORDER
2026-02-14,Garlic_g,0,0,218.99,0,2026-05-03,REORDER; SPOILAGE_WRITE_OFF
2026-02-14,Lime_g,0,0,691.51,0,2026-05-01,REORDER; SPOILAGE_WRITE_OFF
2026-02-14,Milk_ml,13000,0,16142.47,0,2026-05-02,REORDER; SPOILAGE_WRITE_OFF
2026-02-14,Onion_g,0,0,955.53,0,2026-05-03,REORDER; SPOILAGE_WRITE_OFF
2026-02-14,TomatoSauce_g,2350,0,5236.27,0,2026-05-01,REORDER
2026-02-14,VegMix_g,6574,0,6644.66,0,2026-04-30,REORDER
2026-02-14,WhiteSauce_g,0,0,797.81,0,2026-04-30,REORDER; SPOILAGE_WRITE_OFF
2026-02-15,Beef_g,0,0,4770.68,0,2026-04-30,REORDER; SPOILAGE_WRITE_OFF
2026-02-15,Bread_g,3470,500,7163.01,0,2026-04-30,REORDER
2026-02-15,Chicken_g,9136,0,13473.64,0,2026-05-02,REORDER
2026-02-15,Cream_ml,3413.42,0,4007.67,0,,REORDER
2026-02-15,Egg_count,66.99,0,78.85,0,2026-05-10,REORDER
2026-02-15,Seafood_g,2344,0,2937.64,0,2026-04-30,REORDER
2026-02-15,TomatoSauce_g,6000,0,5236.27,0,2026-05-01,SPOILAGE_WRITE_OFF
2026-02-16,Bread_g,2000,0,7163.01,0,2026-04-30,REORDER; SPOILAGE_WRITE_OFF
2026-02-16,Chicken_g,25000,0,13473.64,0,2026-05-02,SPOILAGE_WRITE_OFF
2026-02-16,Seafood_g,2500,0,2937.64,0,2026-04-30,REORDER; SPOILAGE_WRITE_OFF
2026-02-16,VegMix_g,10500,0,6644.66,0,2026-04-30,SPOILAGE_WRITE_OFF
2026-02-17,Bread_g,500,500,7163.01,0,2026-04-30,REORDER; SPOILAGE_WRITE_OFF
2026-02-17,Milk_ml,16000,0,16142.47,0,2026-05-02,REORDER; SPOILAGE_WRITE_OFF
2026-02-17,Mint_g,0,0,42.74,0,2026-05-03,REORDER; SPOILAGE_WRITE_OFF
2026-02-17,Pesto_g,0,0,480.96,0,2026-05-02,REORDER; SPOILAGE_WRITE_OFF
2026-02-17,WhiteSauce_g,0,0,797.81,0,2026-04-30,REORDER; SPOILAGE_WRITE_OFF
2026-02-18,Bread_g,2370,2000,7163.01,0,2026-04-30,REORDER
2026-02-18,Butter_g,987.67,0,1195.07,0,2026-05-05,REORDER
2026-02-18,Mozzarella_g,14436.44,0,16356.82,0,,REORDER
2026-02-18,Mushroom_g,0,0,728.77,0,2026-05-01,REORDER; SPOILAGE_WRITE_OFF
2026-02-18,SauceOther_g,0,0,6047.34,0,2026-05-05,REORDER; SPOILAGE_WRITE_OFF
2026-02-18,Seafood_g,2000,0,2937.64,0,2026-04-30,REORDER; SPOILAGE_WRITE_OFF
2026-02-18,TomatoSauce_g,3768,0,5236.27,0,2026-05-01,REORDER
2026-02-19,Bread_g,2150,1500,7163.01,0,2026-04-30,REORDER
2026-02-19,Chicken_g,11890,0,13473.64,0,2026-05-02,REORDER
2026-02-19,Cream_ml,4000,0,4007.67,0,,REORDER; SPOILAGE_WRITE_OFF
2026-02-19,Lime_g,0,0,691.51,0,2026-05-01,REORDER; SPOILAGE_WRITE_OFF
2026-02-19,Seafood_g,2500,0,2937.64,0,2026-04-30,REORDER; SPOILAGE_WRITE_OFF
2026-02-19,TomatoSauce_g,4500,0,5236.27,0,2026-05-01,REORDER; SPOILAGE_WRITE_OFF
2026-02-19,VegMix_g,4620,0,6644.66,0,2026-04-30,REORDER
2026-02-20,Beef_g,0,0,4770.68,0,2026-04-30,REORDER; SPOILAGE_WRITE_OFF
2026-02-20,Bread_g,2000,0,7163.01,0,2026-04-30,REORDER; SPOILAGE_WRITE_OFF
2026-02-20,Chicken_g,22000,0,13473.64,0,2026-05-02,SPOILAGE_WRITE_OFF
2026-02-20,Garlic_g,0,0,218.99,0,2026-05-03,REORDER; SPOILAGE_WRITE_OFF
2026-02-20,Onion_g,0,0,955.53,0,2026-05-03,REORDER; SPOILAGE_WRITE_OFF
2026-02-20,Pork_g,6338.63,0,6933.7,0,2026-05-20,REORDER
2026-02-20,VegMix_g,12000,0,6644.66,0,2026-04-30,SPOILAGE_WRITE_OFF
2026-02-20,WhiteSauce_g,0,0,797.81,0,2026-04-30,REORDER; SPOILAGE_WRITE_OFF
2026-02-21,Bread_g,1500,500,7163.01,0,2026-04-30,REORDER; SPOILAGE_WRITE_OFF
2026-02-21,Chicken_g,13402,0,13473.64,0,2026-05-02,REORDER
2026-02-21,Chocolate_g,4321.58,0,4332.19,0,2026-08-25,REORDER
2026-02-21,Egg_count,55.99,0,78.85,0,2026-05-10,REORDER
2026-02-21,Lime_g,550,0,691.51,0,2026-05-01,REORDER
2026-02-21,Milk_ml,13000,0,16142.47,0,2026-05-02,REORDER; SPOILAGE_WRITE_OFF
2026-02-21,Potato_g,32604.11,0,37158.9,0,2026-05-20,REORDER
2026-02-21,Salmon_g,5686.03,0,6139.73,0,2026-05-19,REORDER
2026-02-21,Seafood_g,1498,0,2937.64,0,2026-04-30,REORDER
2026-02-21,TomatoSauce_g,3050,0,5236.27,0,2026-05-01,REORDER
2026-02-22,Bread_g,0,1000,7163.01,0,2026-04-30,REORDER; SPOILAGE_WRITE_OFF
2026-02-22,Mint_g,0,0,42.74,0,2026-05-03,REORDER; SPOILAGE_WRITE_OFF
2026-02-22,Mozzarella_g,12088.44,0,16356.82,0,,REORDER
2026-02-22,Mushroom_g,600,0,728.77,0,2026-05-01,REORDER
2026-02-22,Parmesan_g,241.92,0,248.77,0,2026-04-30,REORDER
2026-02-22,Pesto_g,430,0,480.96,0,2026-05-02,REORDER
2026-02-22,Pita_g,1934.79,0,2012.05,0,2026-05-10,REORDER
2026-02-22,SauceOther_g,2975,0,6047.34,0,2026-05-05,REORDER
2026-02-22,Seafood_g,2608,0,2937.64,0,2026-04-30,REORDER
2026-02-22,TomatoSauce_g,4216,0,5236.27,0,2026-05-01,REORDER
2026-02-22,VegMix_g,3886,0,6644.66,0,2026-04-30,REORDER
2026-02-22,WhiteSauce_g,140,0,797.81,0,2026-04-30,REORDER
2026-02-23,Beef_g,2690,0,4770.68,0,2026-04-30,REORDER
2026-02-23,Bread_g,50,2000,7163.01,0,2026-04-30,REORDER
2026-02-23,Cream_ml,3920,0,4007.67,0,,REORDER
2026-02-23,Lime_g,605,0,691.51,0,2026-05-01,REORDER
2026-02-23,Onion_g,900,0,955.53,0,2026-05-03,REORDER
2026-02-23,Pesto_g,1000,0,480.96,0,2026-05-02,SPOILAGE_WRITE_OFF
2026-02-23,Seafood_g,2312,0,2937.64,0,2026-04-30,REORDER
2026-02-23,Sugar_g,5509.04,0,5663.01,0,2027-02-28,REORDER
2026-02-24,Bread_g,2240,2000,7163.01,0,2026-04-30,REORDER
2026-02-24,CookingOil_g,11963.84,0,11997.95,0,2026-06-29,REORDER
2026-02-24,Flour_g,74857.33,0,75954.11,0,2026-06-02,REORDER
2026-02-24,Milk_ml,16000,0,16142.47,0,2026-05-02,REORDER; SPOILAGE_WRITE_OFF
2026-02-24,OliveOil_g,3756.25,0,3774.08,0,2026-06-29,REORDER
2026-02-24,Soda_ml,146992.6,0,160257.53,0,2026-05-30,REORDER
2026-02-24,TomatoSauce_g,2708,0,5236.27,0,2026-05-01,REORDER
2026-02-24,WhiteSauce_g,600,0,797.81,0,2026-04-30,REORDER
2026-02-25,Bread_g,3200,500,7163.01,0,2026-04-30,REORDER
2026-02-25,Butter_g,1037.67,0,1195.07,0,2026-05-05,REORDER
2026-02-25,Chicken_g,10332,0,13473.64,0,2026-05-02,REORDER
2026-02-25,Lime_g,655,0,691.51,0,2026-05-01,REORDER
2026-02-25,Seafood_g,2390,0,2937.64,0,2026-04-30,REORDER
2026-02-25,WhiteSauce_g,1000,0,797.81,0,2026-04-30,SPOILAGE_WRITE_OFF
2026-02-26,Anchovy_g,365.41,0,380.14,0,2026-08-29,REORDER
2026-02-26,Bread_g,2000,0,7163.01,0,2026-04-30,REORDER; SPOILAGE_WRITE_OFF
2026-02-26,Chicken_g,23500,0,13473.64,0,2026-05-02,SPOILAGE_WRITE_OFF
2026-02-26,Egg_count,59.99,0,78.85,0,2026-05-10,REORDER
2026-02-26,Garlic_g,0,0,218.99,0,2026-05-03,REORDER; SPOILAGE_WRITE_OFF
2026-02-26,Mozzarella_g,13344.44,0,16356.82,0,,REORDER
2026-02-26,Pesto_g,357,0,480.96,0,2026-05-02,REORDER
2026-02-26,SauceOther_g,2882,0,6047.34,0,2026-05-05,REORDER
2026-02-26,Seafood_g,2500,0,2937.64,0,2026-04-30,REORDER; SPOILAGE_WRITE_OFF
2026-02-26,TomatoSauce_g,3618,0,5236.27,0,2026-05-01,REORDER
2026-02-26,VegMix_g,3656,0,6644.66,0,2026-04-30,REORDER
2026-02-26,WhiteSauce_g,680,0,797.81,0,2026-04-30,REORDER
2026-02-27,Beef_g,2380,0,4770.68,0,2026-04-30,REORDER
2026-02-27,Bread_g,500,500,7163.01,0,2026-04-30,REORDER; SPOILAGE_WRITE_OFF
2026-02-27,Cream_ml,3960,0,4007.67,0,,REORDER
2026-02-27,Lime_g,515,0,691.51,0,2026-05-01,REORDER
2026-02-27,Mint_g,0,0,42.74,0,2026-05-03,REORDER; SPOILAGE_WRITE_OFF
2026-02-27,Mushroom_g,420,0,728.77,0,2026-05-01,REORDER
2026-02-27,Onion_g,641,0,955.53,0,2026-05-03,REORDER
2026-02-27,Seafood_g,1896,0,2937.64,0,2026-04-30,REORDER
2026-02-27,TomatoSauce_g,5184,0,5236.27,0,2026-05-01,REORDER
2026-02-27,WhiteSauce_g,1000,0,797.81,0,2026-04-30,SPOILAGE_WRITE_OFF
2026-02-28,Bread_g,2510,2000,7163.01,0,2026-04-30,REORDER
2026-02-28,Chicken_g,9942,0,13473.64,0,2026-05-02,REORDER
2026-02-28,Milk_ml,11960,0,16142.47,0,2026-05-02,REORDER
2026-02-28,Mushroom_g,1500,0,728.77,0,2026-05-01,SPOILAGE_WRITE_OFF
2026-02-28,Salmon_g,5056.03,0,6139.73,0,2026-05-19,REORDER
2026-02-28,Seafood_g,2214,0,2937.64,0,2026-04-30,REORDER
2026-02-28,TomatoSauce_g,4854,0,5236.27,0,2026-05-01,REORDER
2026-02-28,WhiteSauce_g,760,0,797.81,0,2026-04-30,REORDER
2026-03-01,Bread_g,2470,1500,7163.01,0,2026-04-30,REORDER
2026-03-01,Egg_count,72.99,0,78.85,0,2026-05-10,REORDER
2026-03-01,Mozzarella_g,15476.44,0,16356.82,0,,REORDER
2026-03-01,Pita_g,1814.79,0,2012.05,0,2026-05-10,REORDER
2026-03-01,Pork_g,6218.63,0,6933.7,0,2026-05-20,REORDER
2026-03-01,Potato_g,34254.11,0,37158.9,0,2026-05-20,REORDER
2026-03-01,SauceOther_g,4200,0,6047.34,0,2026-05-05,REORDER
2026-03-01,Spirits_ml,23764.52,0,24201.58,0,2027-03-07,REORDER
2026-03-01,VegMix_g,5912,0,6644.66,0,2026-04-30,REORDER
2026-03-01,WhiteSauce_g,500,0,797.81,0,2026-04-30,REORDER; SPOILAGE_WRITE_OFF
2026-03-01,Wine_ml,32151.78,0,34449.86,0,2027-03-07,REORDER
2026-03-02,Bread_g,2000,0,7163.01,0,2026-04-30,REORDER; SPOILAGE_WRITE_OFF
2026-03-02,Chicken_g,24000,0,13473.64,0,2026-05-02,SPOILAGE_WRITE_OFF
2026-03-02,Seafood_g,2500,0,2937.64,0,2026-04-30,REORDER; SPOILAGE_WRITE_OFF
2026-03-03,Bread_g,1500,500,7163.01,0,2026-04-30,REORDER; SPOILAGE_WRITE_OFF
2026-03-03,Butter_g,1137.67,0,1195.07,0,2026-05-05,REORDER
2026-03-03,Lime_g,270,0,691.51,0,2026-05-01,REORDER
2026-03-03,Milk_ml,17000,0,16142.47,0,2026-05-02,SPOILAGE_WRITE_OFF
2026-03-03,Parmesan_g,241.92,0,248.77,0,2026-04-30,REORDER
2026-03-03,Pesto_g,235,0,480.96,0,2026-05-02,REORDER
2026-03-03,Seafood_g,2000,0,2937.64,0,2026-04-30,REORDER; SPOILAGE_WRITE_OFF
2026-03-03,Soju_ml,68242.19,0,70461.37,0,2027-03-09,REORDER
2026-03-03,TomatoSauce_g,3314,0,5236.27,0,2026-05-01,REORDER
2026-03-03,WhiteSauce_g,1000,0,797.81,0,2026-04-30,SPOILAGE_WRITE_OFF
2026-03-04,Beef_g,0,0,4770.68,0,2026-04-30,REORDER; SPOILAGE_WRITE_OFF
2026-03-04,Beer_ml,314960.68,0,323929.18,0,2027-03-10,REORDER
2026-03-04,Bread_g,0,1000,7163.01,0,2026-04-30,REORDER; SPOILAGE_WRITE_OFF
2026-03-04,Chicken_g,10620,0,13473.64,0,2026-05-02,REORDER
2026-03-04,Cream_ml,4000,0,4007.67,0,,REORDER; SPOILAGE_WRITE_OFF
2026-03-04,Garlic_g,0,0,218.99,0,2026-05-03,REORDER; SPOILAGE_WRITE_OFF
2026-03-04,Milk_ml,13760,0,16142.47,0,2026-05-02,REORDER
2026-03-04,Mint_g,0,0,42.74,0,2026-05-03,REORDER; SPOILAGE_WRITE_OFF
2026-03-04,Onion_g,861,0,955.53,0,2026-05-03,REORDER
2026-03-04,Pesto_g,1000,0,480.96,0,2026-05-02,SPOILAGE_WRITE_OFF
2026-03-04,WhiteSauce_g,0,0,797.81,0,2026-04-30,REORDER; SPOILAGE_WRITE_OFF
2026-03-05,Bread_g,2190,2000,7163.01,0,2026-04-30,REORDER
2026-03-05,Chicken_g,23500,0,13473.64,0,2026-05-02,SPOILAGE_WRITE_OFF
2026-03-05,Lime_g,545,0,691.51,0,2026-05-01,REORDER
2026-03-05,Mushroom_g,0,0,728.77,0,2026-05-01,REORDER; SPOILAGE_WRITE_OFF
2026-03-05,Onion_g,2000,0,955.53,0,2026-05-03,SPOILAGE_WRITE_OFF
2026-03-05,Seafood_g,2146,0,2937.64,0,2026-04-30,REORDER
2026-03-05,TomatoSauce_g,3454,0,5236.27,0,2026-05-01,REORDER
2026-03-06,Bread_g,2060,1500,7163.01,0,2026-04-30,REORDER
2026-03-06,Egg_count,55.99,0,78.85,0,2026-05-10,REORDER
2026-03-06,Mozzarella_g,14336.44,0,16356.82,0,,REORDER
2026-03-06,SauceOther_g,4912,0,6047.34,0,2026-05-05,REORDER
2026-03-06,Seafood_g,2500,0,2937.64,0,2026-04-30,REORDER; SPOILAGE_WRITE_OFF
2026-03-06,VegMix_g,5382,0,6644.66,0,2026-04-30,REORDER
2026-03-07,Bread_g,2000,0,7163.01,0,2026-04-30,REORDER; SPOILAGE_WRITE_OFF
2026-03-07,Chicken_g,5952,0,13473.64,0,2026-05-02,REORDER
2026-03-07,Lime_g,140,0,691.51,0,2026-05-01,REORDER
2026-03-07,Milk_ml,14000,0,16142.47,0,2026-05-02,REORDER
2026-03-07,Pesto_g,247,0,480.96,0,2026-05-02,REORDER
2026-03-07,TomatoSauce_g,2626,0,5236.27,0,2026-05-01,REORDER
2026-03-07,VegMix_g,11500,0,6644.66,0,2026-04-30,SPOILAGE_WRITE_OFF
2026-03-07,WhiteSauce_g,0,0,797.81,0,2026-04-30,REORDER; SPOILAGE_WRITE_OFF
2026-03-08,Beef_g,4040,0,4770.68,0,2026-04-30,REORDER
2026-03-08,Bread_g,830,500,7163.01,0,2026-04-30,REORDER
2026-03-08,Cream_ml,3320,0,4007.67,0,,REORDER
2026-03-08,Onion_g,355,0,955.53,0,2026-05-03,REORDER
2026-03-08,Salmon_g,5196.03,0,6139.73,0,2026-05-19,REORDER
2026-03-08,Seafood_g,1780,0,2937.64,0,2026-04-30,REORDER
2026-03-09,Beef_g,8000,0,4770.68,0,2026-04-30,SPOILAGE_WRITE_OFF
2026-03-09,Bread_g,0,1500,7163.01,0,2026-04-30,REORDER; SPOILAGE_WRITE_OFF
2026-03-09,Lime_g,630,0,691.51,0,2026-05-01,REORDER
2026-03-09,Mint_g,0,0,42.74,0,2026-05-03,REORDER; SPOILAGE_WRITE_OFF
2026-03-09,Mozzarella_g,15732.44,0,16356.82,0,,REORDER
2026-03-09,Mushroom_g,460,0,728.77,0,2026-05-01,REORDER
2026-03-09,SauceOther_g,5482,0,6047.34,0,2026-05-05,REORDER
2026-03-09,Seafood_g,2548,0,2937.64,0,2026-04-30,REORDER
2026-03-09,TomatoSauce_g,2564,0,5236.27,0,2026-05-01,REORDER
2026-03-09,VegMix_g,4072,0,6644.66,0,2026-04-30,REORDER
2026-03-10,Bread_g,2280,2000,7163.01,0,2026-04-30,REORDER
2026-03-10,Butter_g,1157.67,0,1195.07,0,2026-05-05,REORDER
2026-03-10,Chicken_g,9514,0,13473.64,0,2026-05-02,REORDER
2026-03-10,Egg_count,62.99,0,78.85,0,2026-05-10,REORDER
2026-03-10,Garlic_g,0,0,218.99,0,2026-05-03,REORDER; SPOILAGE_WRITE_OFF
2026-03-10,Pesto_g,443,0,480.96,0,2026-05-02,REORDER
2026-03-10,Potato_g,35904.11,0,37158.9,0,2026-05-20,REORDER
2026-03-10,WhiteSauce_g,0,0,797.81,0,2026-04-30,REORDER; SPOILAGE_WRITE_OFF
2026-03-11,Beef_g,4280,0,4770.68,0,2026-04-30,REORDER
2026-03-11,Bread_g,3010,1000,7163.01,0,2026-04-30,REORDER
2026-03-11,Lime_g,395,0,691.51,0,2026-05-01,REORDER
2026-03-11,Milk_ml,15000,0,16142.47,0,2026-05-02,REORDER; SPOILAGE_WRITE_OFF
2026-03-11,Parmesan_g,241.92,0,248.77,0,2026-04-30,REORDER
2026-03-11,Pork_g,5778.63,0,6933.7,0,2026-05-20,REORDER
2026-03-11,Seafood_g,2000,0,2937.64,0,2026-04-30,REORDER; SPOILAGE_WRITE_OFF
2026-03-11,TomatoSauce_g,2106,0,5236.27,0,2026-05-01,REORDER
2026-03-12,Bread_g,2000,0,7163.01,0,2026-04-30,REORDER; SPOILAGE_WRITE_OFF
2026-03-12,Cream_ml,3780,0,4007.67,0,,REORDER
2026-03-12,Mozzarella_g,15556.44,0,16356.82,0,,REORDER
2026-03-12,Mushroom_g,420,0,728.77,0,2026-05-01,REORDER
2026-03-12,Onion_g,806,0,955.53,0,2026-05-03,REORDER
2026-03-12,Seafood_g,2500,0,2937.64,0,2026-04-30,REORDER; SPOILAGE_WRITE_OFF
2026-03-12,WhiteSauce_g,460,0,797.81,0,2026-04-30,REORDER
2026-03-13,Bread_g,1000,500,7163.01,0,2026-04-30,REORDER; SPOILAGE_WRITE_OFF
2026-03-13,SauceOther_g,5083,0,6047.34,0,2026-05-05,REORDER
2026-03-13,Seafood_g,1222,0,2937.64,0,2026-04-30,REORDER
2026-03-13,TomatoSauce_g,3372,0,5236.27,0,2026-05-01,REORDER
2026-03-13,VegMix_g,4832,0,6644.66,0,2026-04-30,REORDER
2026-03-14,Bread_g,0,1500,7163.01,0,2026-04-30,REORDER; SPOILAGE_WRITE_OFF
2026-03-14,Chicken_g,6420,0,13473.64,0,2026-05-02,REORDER
2026-03-14,Egg_count,73.99,0,78.85,0,2026-05-10,REORDER
2026-03-14,Lime_g,260,0,691.51,0,2026-05-01,REORDER
2026-03-14,Milk_ml,14000,0,16142.47,0,2026-05-02,REORDER; SPOILAGE_WRITE_OFF
2026-03-14,Mint_g,0,0,42.74,0,2026-05-03,REORDER; SPOILAGE_WRITE_OFF
2026-03-14,Pesto_g,430,0,480.96,0,2026-05-02,REORDER
2026-03-14,Pita_g,1694.79,0,2012.05,0,2026-05-10,REORDER
2026-03-14,Seafood_g,2788,0,2937.64,0,2026-04-30,REORDER
2026-03-14,TomatoSauce_g,5136,0,5236.27,0,2026-05-01,REORDER
2026-03-14,WhiteSauce_g,580,0,797.81,0,2026-04-30,REORDER
2026-03-15,Bread_g,2460,2000,7163.01,0,2026-04-30,REORDER
2026-03-15,Chicken_g,27500,0,13473.64,0,2026-05-02,SPOILAGE_WRITE_OFF
2026-03-15,Mozzarella_g,16048.44,0,16356.82,0,,REORDER
2026-03-15,Mushroom_g,660,0,728.77,0,2026-05-01,REORDER
2026-03-15,TomatoSauce_g,4716,0,5236.27,0,2026-05-01,REORDER
2026-03-15,WhiteSauce_g,1000,0,797.81,0,2026-04-30,SPOILAGE_WRITE_OFF
2026-03-16,Beef_g,0,0,4770.68,0,2026-04-30,REORDER; SPOILAGE_WRITE_OFF
2026-03-16,Bread_g,2740,1000,7163.01,0,2026-04-30,REORDER
2026-03-16,Garlic_g,0,0,218.99,0,2026-05-03,REORDER; SPOILAGE_WRITE_OFF
2026-03-16,Lime_g,685,0,691.51,0,2026-05-01,REORDER
2026-03-16,Pesto_g,1000,0,480.96,0,2026-05-02,SPOILAGE_WRITE_OFF
2026-03-16,Seafood_g,1536,0,2937.64,0,2026-04-30,REORDER
2026-03-16,Soda_ml,158342.6,0,160257.53,0,2026-05-30,REORDER
2026-03-16,WhiteSauce_g,520,0,797.81,0,2026-04-30,REORDER
2026-03-17,Bread_g,2000,0,7163.01,0,2026-04-30,REORDER; SPOILAGE_WRITE_OFF
2026-03-17,Butter_g,1187.67,0,1195.07,0,2026-05-05,REORDER
2026-03-17,Chocolate_g,4261.58,0,4332.19,0,2026-08-25,REORDER
2026-03-17,CookingOil_g,11228.84,0,11997.95,0,2026-06-29,REORDER
2026-03-17,Cream_ml,4000,0,4007.67,0,,REORDER; SPOILAGE_WRITE_OFF
2026-03-17,Flour_g,75857.33,0,75954.11,0,2026-06-02,REORDER
2026-03-17,Onion_g,775,0,955.53,0,2026-05-03,REORDER
2026-03-17,Salmon_g,5606.03,0,6139.73,0,2026-05-19,REORDER
2026-03-17,SauceOther_g,4458,0,6047.34,0,2026-05-05,REORDER
2026-03-17,Seafood_g,3000,0,2937.64,0,2026-04-30,SPOILAGE_WRITE_OFF
2026-03-17,Sugar_g,5299.04,0,5663.01,0,2027-02-28,REORDER
2026-03-17,TomatoSauce_g,3518,0,5236.27,0,2026-05-01,REORDER
2026-03-17,VegMix_g,4486,0,6644.66,0,2026-04-30,REORDER
2026-03-17,WhiteSauce_g,1000,0,797.81,0,2026-04-30,SPOILAGE_WRITE_OFF
2026-03-18,Bread_g,1000,500,7163.01,0,2026-04-30,REORDER; SPOILAGE_WRITE_OFF
2026-03-18,Chicken_g,8324,0,13473.64,0,2026-05-02,REORDER
2026-03-18,Egg_count,67.99,0,78.85,0,2026-05-10,REORDER
2026-03-18,Lime_g,620,0,691.51,0,2026-05-01,REORDER
2026-03-18,Milk_ml,15000,0,16142.47,0,2026-05-02,REORDER; SPOILAGE_WRITE_OFF
2026-03-18,Onion_g,2000,0,955.53,0,2026-05-03,SPOILAGE_WRITE_OFF
2026-03-18,Seafood_g,1648,0,2937.64,0,2026-04-30,REORDER
2026-03-18,TomatoSauce_g,5012,0,5236.27,0,2026-05-01,REORDER
2026-03-18,WhiteSauce_g,520,0,797.81,0,2026-04-30,REORDER
2026-03-19,Beef_g,3990,0,4770.68,0,2026-04-30,REORDER
2026-03-19,Bread_g,0,1500,7163.01,0,2026-04-30,REORDER; SPOILAGE_WRITE_OFF
2026-03-19,Chicken_g,25500,0,13473.64,0,2026-05-02,SPOILAGE_WRITE_OFF
2026-03-19,Mint_g,0,0,42.74,0,2026-05-03,REORDER; SPOILAGE_WRITE_OFF
2026-03-19,Mozzarella_g,13904.44,0,16356.82,0,,REORDER
2026-03-19,OliveOil_g,3549.25,0,3774.08,0,2026-06-29,REORDER
2026-03-19,Parmesan_g,241.92,0,248.77,0,2026-04-30,REORDER
2026-03-19,Pesto_g,338,0,480.96,0,2026-05-02,REORDER
2026-03-19,Potato_g,32404.11,0,37158.9,0,2026-05-20,REORDER
2026-03-19,Seafood_g,3000,0,2937.64,0,2026-04-30,SPOILAGE_WRITE_OFF
2026-03-19,WhiteSauce_g,1000,0,797.81,0,2026-04-30,SPOILAGE_WRITE_OFF
2026-03-20,Bread_g,2420,2000,7163.01,0,2026-04-30,REORDER
2026-03-20,Cream_ml,3680,0,4007.67,0,,REORDER
2026-03-20,Lime_g,350,0,691.51,0,2026-05-01,REORDER
2026-03-20,Mushroom_g,620,0,728.77,0,2026-05-01,REORDER
2026-03-20,Onion_g,923,0,955.53,0,2026-05-03,REORDER
2026-03-20,Pesto_g,1000,0,480.96,0,2026-05-02,SPOILAGE_WRITE_OFF
2026-03-20,Pork_g,6338.63,0,6933.7,0,2026-05-20,REORDER
2026-03-20,Seafood_g,2162,0,2937.64,0,2026-04-30,REORDER
2026-03-20,TomatoSauce_g,2918,0,5236.27,0,2026-05-01,REORDER
2026-03-20,WhiteSauce_g,760,0,797.81,0,2026-04-30,REORDER
2026-03-21,Anchovy_g,365.41,0,380.14,0,2026-08-29,REORDER
2026-03-21,Bread_g,2880,1000,7163.01,0,2026-04-30,REORDER
2026-03-21,Chicken_g,9816,0,13473.64,0,2026-05-02,REORDER
2026-03-21,Milk_ml,14000,0,16142.47,0,2026-05-02,REORDER; SPOILAGE_WRITE_OFF
2026-03-21,Mushroom_g,1500,0,728.77,0,2026-05-01,SPOILAGE_WRITE_OFF
2026-03-21,SauceOther_g,3426,0,6047.34,0,2026-05-05,REORDER
2026-03-21,Seafood_g,2500,0,2937.64,0,2026-04-30,REORDER; SPOILAGE_WRITE_OFF
2026-03-21,TomatoSauce_g,4966,0,5236.27,0,2026-05-01,REORDER
2026-03-21,VegMix_g,3928,0,6644.66,0,2026-04-30,REORDER
2026-03-21,WhiteSauce_g,500,0,797.81,0,2026-04-30,REORDER; SPOILAGE_WRITE_OFF
2026-03-22,Beef_g,4370,0,4770.68,0,2026-04-30,REORDER
2026-03-22,Bread_g,2000,0,7163.01,0,2026-04-30,REORDER; SPOILAGE_WRITE_OFF
2026-03-22,Egg_count,74.99,0,78.85,0,2026-05-10,REORDER
2026-03-22,Garlic_g,0,0,218.99,0,2026-05-03,REORDER; SPOILAGE_WRITE_OFF
2026-03-22,Mozzarella_g,15416.44,0,16356.82,0,,REORDER
2026-03-22,Pesto_g,468,0,480.96,0,2026-05-02,REORDER
2026-03-22,Pita_g,1694.79,0,2012.05,0,2026-05-10,REORDER
2026-03-22,Seafood_g,2452,0,2937.64,0,2026-04-30,REORDER
2026-03-22,TomatoSauce_g,4942,0,5236.27,0,2026-05-01,REORDER
2026-03-23,Bread_g,1000,500,7163.01,0,2026-04-30,REORDER; SPOILAGE_WRITE_OFF
2026-03-23,Lime_g,495,0,691.51,0,2026-05-01,REORDER
2026-03-23,Onion_g,930,0,955.53,0,2026-05-03,REORDER
2026-03-23,WhiteSauce_g,620,0,797.81,0,2026-04-30,REORDER
2026-03-24,Bread_g,0,1500,7163.01,0,2026-04-30,REORDER; SPOILAGE_WRITE_OFF
2026-03-24,Mint_g,0,0,42.74,0,2026-05-03,REORDER; SPOILAGE_WRITE_OFF
2026-03-24,Mushroom_g,660,0,728.77,0,2026-05-01,REORDER
2026-03-24,SauceOther_g,5809,0,6047.34,0,2026-05-05,REORDER
2026-03-24,Seafood_g,2000,0,2937.64,0,2026-04-30,REORDER; SPOILAGE_WRITE_OFF
2026-03-24,TomatoSauce_g,3154,0,5236.27,0,2026-05-01,REORDER
2026-03-24,VegMix_g,6396,0,6644.66,0,2026-04-30,REORDER
2026-03-24,WhiteSauce_g,1000,0,797.81,0,2026-04-30,SPOILAGE_WRITE_OFF
2026-03-25,Bread_g,50,2000,7163.01,0,2026-04-30,REORDER
2026-03-25,Chicken_g,7978,0,13473.64,0,2026-05-02,REORDER
2026-03-25,Cream_ml,2880,0,4007.67,0,,REORDER
2026-03-25,Milk_ml,15000,0,16142.47,0,2026-05-02,REORDER; SPOILAGE_WRITE_OFF
2026-03-25,Seafood_g,2352,0,2937.64,0,2026-04-30,REORDER
2026-03-25,TomatoSauce_g,5076,0,5236.27,0,2026-05-01,REORDER
2026-03-25,WhiteSauce_g,600,0,797.81,0,2026-04-30,REORDER
2026-03-26,Beef_g,3990,0,4770.68,0,2026-04-30,REORDER
2026-03-26,Bread_g,600,1500,7163.01,0,2026-04-30,REORDER
2026-03-26,Butter_g,1067.67,0,1195.07,0,2026-05-05,REORDER
2026-03-26,Egg_count,73.99,0,78.85,0,2026-05-10,REORDER
2026-03-26,Lime_g,490,0,691.51,0,2026-05-01,REORDER
2026-03-26,Mozzarella_g,13052.44,0,16356.82,0,,REORDER
2026-03-26,Salmon_g,5066.03,0,6139.73,0,2026-05-19,REORDER
2026-03-27,Beef_g,8000,0,4770.68,0,2026-04-30,SPOILAGE_WRITE_OFF
2026-03-27,Bread_g,1600,1000,7163.01,0,2026-04-30,REORDER
2026-03-27,Seafood_g,2500,0,2937.64,0,2026-04-30,REORDER; SPOILAGE_WRITE_OFF
2026-03-28,Bread_g,1200,500,7163.01,0,2026-04-30,REORDER
2026-03-28,Garlic_g,0,0,218.99,0,2026-05-03,REORDER; SPOILAGE_WRITE_OFF
2026-03-28,Lime_g,1000,0,691.51,0,2026-05-01,SPOILAGE_WRITE_OFF
2026-03-28,Milk_ml,14000,0,16142.47,0,2026-05-02,REORDER; SPOILAGE_WRITE_OFF
2026-03-28,Onion_g,697,0,955.53,0,2026-05-03,REORDER
2026-03-28,Parmesan_g,241.92,0,248.77,0,2026-04-30,REORDER
2026-03-28,Pesto_g,0,0,480.96,0,2026-05-02,REORDER; SPOILAGE_WRITE_OFF
2026-03-28,SauceOther_g,6032,0,6047.34,0,2026-05-05,REORDER
2026-03-28,Seafood_g,2000,0,2937.64,0,2026-04-30,REORDER; SPOILAGE_WRITE_OFF
2026-03-28,TomatoSauce_g,3144,0,5236.27,0,2026-05-01,REORDER
2026-03-28,VegMix_g,5348,0,6644.66,0,2026-04-30,REORDER
2026-03-28,WhiteSauce_g,0,0,797.81,0,2026-04-30,REORDER; SPOILAGE_WRITE_OFF
2026-03-29,Beef_g,3600,0,4770.68,0,2026-04-30,REORDER
2026-03-29,Bread_g,980,500,7163.01,0,2026-04-30,REORDER
2026-03-29,Chicken_g,8722,0,13473.64,0,2026-05-02,REORDER
2026-03-29,Cream_ml,5000,0,4007.67,0,,SPOILAGE_WRITE_OFF
2026-03-29,Mint_g,0,0,42.74,0,2026-05-03,REORDER; SPOILAGE_WRITE_OFF
2026-03-29,Mushroom_g,340,0,728.77,0,2026-05-01,REORDER
2026-03-29,Onion_g,2000,0,955.53,0,2026-05-03,SPOILAGE_WRITE_OFF
2026-03-29,Pork_g,6178.63,0,6933.7,0,2026-05-20,REORDER
2026-03-29,Potato_g,33404.11,0,37158.9,0,2026-05-20,REORDER
2026-03-29,Wine_ml,32501.78,0,34449.86,0,2027-03-07,REORDER
2026-03-30,Beer_ml,320690.68,0,323929.18,0,2027-03-10,REORDER
2026-03-30,Bread_g,440,1500,7163.01,0,2026-04-30,REORDER
2026-03-30,Lime_g,400,0,691.51,0,2026-05-01,REORDER
2026-03-30,Mozzarella_g,15444.44,0,16356.82,0,,REORDER
2026-03-30,Seafood_g,2500,0,2937.64,0,2026-04-30,REORDER; SPOILAGE_WRITE_OFF
2026-03-30,TomatoSauce_g,2618,0,5236.27,0,2026-05-01,REORDER
2026-03-30,WhiteSauce_g,540,0,797.81,0,2026-04-30,REORDER
2026-03-31,Bread_g,490,1500,7163.01,0,2026-04-30,REORDER
2026-03-31,Cream_ml,3320,0,4007.67,0,,REORDER
2026-03-31,Egg_count,67.99,0,78.85,0,2026-05-10,REORDER
2026-03-31,Lime_g,1000,0,691.51,0,2026-05-01,SPOILAGE_WRITE_OFF
2026-03-31,Pita_g,1814.79,0,2012.05,0,2026-05-10,REORDER
2026-03-31,Seafood_g,2000,0,2937.64,0,2026-04-30,REORDER; SPOILAGE_WRITE_OFF
2026-03-31,Soju_ml,68602.19,0,70461.37,0,2027-03-09,REORDER
2026-03-31,Spirits_ml,24149.52,0,24201.58,0,2027-03-07,REORDER
2026-03-31,WhiteSauce_g,1000,0,797.81,0,2026-04-30,SPOILAGE_WRITE_OFF
2026-04-01,Bread_g,680,1000,7163.01,0,2026-04-30,REORDER
2026-04-01,Chicken_g,12026,0,13473.64,0,2026-05-02,REORDER
2026-04-01,Lime_g,630,0,691.51,0,2026-05-01,REORDER
2026-04-01,Milk_ml,15000,0,16142.47,0,2026-05-02,REORDER; SPOILAGE_WRITE_OFF
2026-04-01,Onion_g,510,0,955.53,0,2026-05-03,REORDER
2026-04-01,SauceOther_g,4244,0,6047.34,0,2026-05-05,REORDER
2026-04-01,TomatoSauce_g,2448,0,5236.27,0,2026-05-01,REORDER
2026-04-01,VegMix_g,3206,0,6644.66,0,2026-04-30,REORDER
2026-04-01,WhiteSauce_g,440,0,797.81,0,2026-04-30,REORDER
2026-04-02,Beef_g,3980,0,4770.68,0,2026-04-30,REORDER
2026-04-02,Bread_g,190,1000,7163.01,0,2026-04-30,REORDER
2026-04-02,Butter_g,1167.67,0,1195.07,0,2026-05-05,REORDER
2026-04-02,Mushroom_g,720,0,728.77,0,2026-05-01,REORDER
2026-04-02,Pesto_g,302,0,480.96,0,2026-05-02,REORDER
2026-04-02,Seafood_g,1932,0,2937.64,0,2026-04-30,REORDER
2026-04-02,WhiteSauce_g,1000,0,797.81,0,2026-04-30,SPOILAGE_WRITE_OFF
2026-04-03,Beef_g,8000,0,4770.68,0,2026-04-30,SPOILAGE_WRITE_OFF
2026-04-03,Bread_g,2610,1500,7163.01,0,2026-04-30,REORDER
2026-04-03,Cream_ml,3480,0,4007.67,0,,REORDER
2026-04-03,Egg_count,67.99,0,78.85,0,2026-05-10,REORDER
2026-04-03,Garlic_g,0,0,218.99,0,2026-05-03,REORDER; SPOILAGE_WRITE_OFF
2026-04-03,Lime_g,480,0,691.51,0,2026-05-01,REORDER
2026-04-03,Mint_g,0,0,42.74,0,2026-05-03,REORDER; SPOILAGE_WRITE_OFF
2026-04-03,Mozzarella_g,12936.44,0,16356.82,0,,REORDER
2026-04-03,Pesto_g,1000,0,480.96,0,2026-05-02,SPOILAGE_WRITE_OFF
2026-04-03,Seafood_g,2476,0,2937.64,0,2026-04-30,REORDER
2026-04-03,TomatoSauce_g,2962,0,5236.27,0,2026-05-01,REORDER
2026-04-04,Bread_g,2120,1000,7163.01,0,2026-04-30,REORDER
2026-04-04,Milk_ml,14000,0,16142.47,0,2026-05-02,REORDER; SPOILAGE_WRITE_OFF
2026-04-04,Onion_g,845,0,955.53,0,2026-05-03,REORDER
2026-04-04,SauceOther_g,5669,0,6047.34,0,2026-05-05,REORDER
2026-04-04,Seafood_g,2762,0,2937.64,0,2026-04-30,REORDER
2026-04-04,VegMix_g,5336,0,6644.66,0,2026-04-30,REORDER
2026-04-04,WhiteSauce_g,0,0,797.81,0,2026-04-30,REORDER; SPOILAGE_WRITE_OFF
2026-04-05,Beef_g,2000,0,4770.68,0,2026-04-30,REORDER
2026-04-05,Bread_g,1500,0,7163.01,0,2026-04-30,REORDER; SPOILAGE_WRITE_OFF
2026-04-05,Chicken_g,10080,0,13473.64,0,2026-05-02,REORDER
2026-04-05,Pesto_g,467,0,480.96,0,2026-05-02,REORDER
2026-04-05,Salmon_g,5746.03,0,6139.73,0,2026-05-19,REORDER
2026-04-05,TomatoSauce_g,3102,0,5236.27,0,2026-05-01,REORDER
2026-04-06,Bread_g,420,1000,7163.01,0,2026-04-30,REORDER
2026-04-06,Chicken_g,24000,0,13473.64,0,2026-05-02,SPOILAGE_WRITE_OFF
2026-04-06,Lime_g,640,0,691.51,0,2026-05-01,REORDER
2026-04-06,Mushroom_g,400,0,728.77,0,2026-05-01,REORDER
2026-04-06,Pita_g,1934.79,0,2012.05,0,2026-05-10,REORDER
2026-04-06,Seafood_g,1524,0,2937.64,0,2026-04-30,REORDER
2026-04-06,WhiteSauce_g,700,0,797.81,0,2026-04-30,REORDER
2026-04-07,Bread_g,2610,2000,7163.01,0,2026-04-30,REORDER
2026-04-07,Milk_ml,13940,0,16142.47,0,2026-05-02,REORDER
2026-04-07,Mozzarella_g,13216.44,0,16356.82,0,,REORDER
2026-04-07,Pork_g,6878.63,0,6933.7,0,2026-05-20,REORDER
2026-04-07,Potato_g,36304.11,0,37158.9,0,2026-05-20,REORDER
2026-04-07,SauceOther_g,5590,0,6047.34,0,2026-05-05,REORDER
2026-04-07,Seafood_g,3000,0,2937.64,0,2026-04-30,SPOILAGE_WRITE_OFF
2026-04-07,TomatoSauce_g,3062,0,5236.27,0,2026-05-01,REORDER
2026-04-07,WhiteSauce_g,500,0,797.81,0,2026-04-30,REORDER; SPOILAGE_WRITE_OFF
2026-04-08,Bread_g,2800,1000,7163.01,0,2026-04-30,REORDER
2026-04-08,Chicken_g,12522,0,13473.64,0,2026-05-02,REORDER
2026-04-08,CookingOil_g,11888.84,0,11997.95,0,2026-06-29,REORDER
2026-04-08,Cream_ml,3160,0,4007.67,0,,REORDER
2026-04-08,Egg_count,61.99,0,78.85,0,2026-05-10,REORDER
2026-04-08,Flour_g,68397.33,0,75954.11,0,2026-06-02,REORDER
2026-04-08,Lime_g,500,0,691.51,0,2026-05-01,REORDER; SPOILAGE_WRITE_OFF
2026-04-08,Mint_g,0,0,42.74,0,2026-05-03,REORDER; SPOILAGE_WRITE_OFF
2026-04-08,Onion_g,892,0,955.53,0,2026-05-03,REORDER
2026-04-08,Seafood_g,1570,0,2937.64,0,2026-04-30,REORDER
2026-04-08,Soda_ml,153052.6,0,160257.53,0,2026-05-30,REORDER
2026-04-08,VegMix_g,4968,0,6644.66,0,2026-04-30,REORDER
2026-04-09,Beef_g,3100,0,4770.68,0,2026-04-30,REORDER
2026-04-09,Bread_g,2000,0,7163.01,0,2026-04-30,REORDER; SPOILAGE_WRITE_OFF
2026-04-09,Butter_g,1137.67,0,1195.07,0,2026-05-05,REORDER
2026-04-09,Chocolate_g,3941.58,0,4332.19,0,2026-08-25,REORDER
2026-04-09,Garlic_g,0,0,218.99,0,2026-05-03,REORDER; SPOILAGE_WRITE_OFF
2026-04-09,Parmesan_g,221.92,0,248.77,0,2026-04-30,REORDER
2026-04-09,Seafood_g,2676,0,2937.64,0,2026-04-30,REORDER
2026-04-09,TomatoSauce_g,4030,0,5236.27,0,2026-05-01,REORDER
2026-04-09,WhiteSauce_g,700,0,797.81,0,2026-04-30,REORDER
2026-04-10,Beef_g,9000,0,4770.68,0,2026-04-30,SPOILAGE_WRITE_OFF
2026-04-10,Bread_g,1000,500,7163.01,0,2026-04-30,REORDER; SPOILAGE_WRITE_OFF
2026-04-10,Lime_g,645,0,691.51,0,2026-05-01,REORDER
2026-04-10,Mushroom_g,360,0,728.77,0,2026-05-01,REORDER
2026-04-10,OliveOil_g,3667.65,0,3774.08,0,2026-06-29,REORDER
2026-04-10,Onion_g,1500,0,955.53,0,2026-05-03,SPOILAGE_WRITE_OFF
2026-04-10,Pesto_g,307,0,480.96,0,2026-05-02,REORDER
2026-04-10,Sugar_g,4819.04,0,5663.01,0,2027-02-28,REORDER
2026-04-10,WhiteSauce_g,500,0,797.81,0,2026-04-30,REORDER; SPOILAGE_WRITE_OFF
2026-04-11,Bread_g,0,1500,7163.01,0,2026-04-30,REORDER; SPOILAGE_WRITE_OFF
2026-04-11,Milk_ml,15000,0,16142.47,0,2026-05-02,REORDER; SPOILAGE_WRITE_OFF
2026-04-11,Pesto_g,1000,0,480.96,0,2026-05-02,SPOILAGE_WRITE_OFF
2026-04-11,Seafood_g,2000,0,2937.64,0,2026-04-30,REORDER; SPOILAGE_WRITE_OFF
2026-04-12,Bread_g,500,2000,7163.01,0,2026-04-30,REORDER
2026-04-12,Cream_ml,4000,0,4007.67,0,,REORDER; SPOILAGE_WRITE_OFF
2026-04-12,Mushroom_g,1500,0,728.77,0,2026-05-01,SPOILAGE_WRITE_OFF
2026-04-12,Seafood_g,2500,0,2937.64,0,2026-04-30,REORDER; SPOILAGE_WRITE_OFF
2026-04-12,TomatoSauce_g,4000,0,5236.27,0,2026-05-01,REORDER; SPOILAGE_WRITE_OFF
2026-04-12,WhiteSauce_g,1000,0,797.81,0,2026-04-30,SPOILAGE_WRITE_OFF
2026-04-13,Bread_g,1500,1000,7163.01,0,2026-04-30,REORDER
2026-04-13,Chicken_g,0,0,13473.64,0,2026-05-02,REORDER; SPOILAGE_WRITE_OFF
2026-04-13,Lime_g,500,0,691.51,0,2026-05-01,REORDER; SPOILAGE_WRITE_OFF
2026-04-13,Mint_g,0,0,42.74,0,2026-05-03,REORDER; SPOILAGE_WRITE_OFF
2026-04-13,WhiteSauce_g,0,0,797.81,0,2026-04-30,REORDER; SPOILAGE_WRITE_OFF
2026-04-14,Beef_g,0,0,4770.68,0,2026-04-30,REORDER; SPOILAGE_WRITE_OFF
2026-04-14,Bread_g,2000,0,7163.01,0,2026-04-30,REORDER; SPOILAGE_WRITE_OFF
2026-04-14,Milk_ml,14000,0,16142.47,0,2026-05-02,REORDER; SPOILAGE_WRITE_OFF
2026-04-14,Onion_g,0,0,955.53,0,2026-05-03,REORDER; SPOILAGE_WRITE_OFF
2026-04-14,Seafood_g,2000,0,2937.64,0,2026-04-30,REORDER; SPOILAGE_WRITE_OFF
2026-04-14,TomatoSauce_g,4000,0,5236.27,0,2026-05-01,REORDER; SPOILAGE_WRITE_OFF
2026-04-14,VegMix_g,0,0,6644.66,0,2026-04-30,REORDER; SPOILAGE_WRITE_OFF
2026-04-15,Bread_g,1000,500,7163.01,0,2026-04-30,REORDER; SPOILAGE_WRITE_OFF
2026-04-15,Garlic_g,0,0,218.99,0,2026-05-03,REORDER; SPOILAGE_WRITE_OFF
2026-04-15,Lime_g,1000,0,691.51,0,2026-05-01,SPOILAGE_WRITE_OFF
2026-04-15,Mozzarella_g,15500,0,16356.82,0,,REORDER; SPOILAGE_WRITE_OFF
2026-04-15,SauceOther_g,0,0,6047.34,0,2026-05-05,REORDER; SPOILAGE_WRITE_OFF
2026-04-15,Seafood_g,2500,0,2937.64,0,2026-04-30,REORDER; SPOILAGE_WRITE_OFF
2026-04-16,Bread_g,0,1500,7163.01,0,2026-04-30,REORDER; SPOILAGE_WRITE_OFF
2026-04-16,Mushroom_g,0,0,728.77,0,2026-05-01,REORDER; SPOILAGE_WRITE_OFF
2026-04-16,Pesto_g,0,0,480.96,0,2026-05-02,REORDER; SPOILAGE_WRITE_OFF
2026-04-16,WhiteSauce_g,0,0,797.81,0,2026-04-30,REORDER; SPOILAGE_WRITE_OFF
2026-04-17,Bread_g,500,2000,7163.01,0,2026-04-30,REORDER
2026-04-17,Cream_ml,4000,0,4007.67,0,,REORDER; SPOILAGE_WRITE_OFF
2026-04-17,Seafood_g,2000,0,2937.64,0,2026-04-30,REORDER; SPOILAGE_WRITE_OFF
2026-04-17,TomatoSauce_g,4000,0,5236.27,0,2026-05-01,REORDER; SPOILAGE_WRITE_OFF
2026-04-18,Bread_g,1500,1000,7163.01,0,2026-04-30,REORDER
2026-04-18,Chicken_g,0,0,13473.64,0,2026-05-02,REORDER; SPOILAGE_WRITE_OFF
2026-04-18,Lime_g,0,0,691.51,0,2026-05-01,REORDER; SPOILAGE_WRITE_OFF
2026-04-18,Milk_ml,15000,0,16142.47,0,2026-05-02,REORDER; SPOILAGE_WRITE_OFF
2026-04-18,Mint_g,0,0,42.74,0,2026-05-03,REORDER; SPOILAGE_WRITE_OFF
2026-04-18,Seafood_g,2500,0,2937.64,0,2026-04-30,REORDER; SPOILAGE_WRITE_OFF
2026-04-19,Beef_g,0,0,4770.68,0,2026-04-30,REORDER; SPOILAGE_WRITE_OFF
2026-04-19,Bread_g,2000,0,7163.01,0,2026-04-30,REORDER; SPOILAGE_WRITE_OFF
2026-04-19,Egg_count,84,0,78.85,0,2026-05-10,SPOILAGE_WRITE_OFF
2026-04-19,Mozzarella_g,13500,0,16356.82,0,,REORDER; SPOILAGE_WRITE_OFF
2026-04-19,TomatoSauce_g,4000,0,5236.27,0,2026-05-01,REORDER; SPOILAGE_WRITE_OFF
2026-04-19,WhiteSauce_g,0,0,797.81,0,2026-04-30,REORDER; SPOILAGE_WRITE_OFF
2026-04-20,Bread_g,920,500,7163.01,0,2026-04-30,REORDER
2026-04-20,Egg_count,66,0,78.85,0,2026-05-10,REORDER
2026-04-20,Onion_g,0,0,955.53,0,2026-05-03,REORDER; SPOILAGE_WRITE_OFF
2026-04-20,Seafood_g,2000,0,2937.64,0,2026-04-30,REORDER; SPOILAGE_WRITE_OFF
2026-04-20,VegMix_g,0,0,6644.66,0,2026-04-30,REORDER; SPOILAGE_WRITE_OFF
2026-04-21,Bread_g,0,1500,7163.01,0,2026-04-30,REORDER; SPOILAGE_WRITE_OFF
2026-04-21,Cream_ml,4000,0,4007.67,0,,REORDER; SPOILAGE_WRITE_OFF
2026-04-21,Garlic_g,0,0,218.99,0,2026-05-03,REORDER; SPOILAGE_WRITE_OFF
2026-04-21,Milk_ml,14000,0,16142.47,0,2026-05-02,REORDER; SPOILAGE_WRITE_OFF
2026-04-21,Seafood_g,2500,0,2937.64,0,2026-04-30,REORDER; SPOILAGE_WRITE_OFF
2026-04-21,TomatoSauce_g,2672,0,5236.27,0,2026-05-01,REORDER
2026-04-21,WhiteSauce_g,620,0,797.81,0,2026-04-30,REORDER
2026-04-22,Beef_g,4600,0,4770.68,0,2026-04-30,REORDER
2026-04-22,Bread_g,2150,2000,7163.01,0,2026-04-30,REORDER
2026-04-22,Lime_g,485,0,691.51,0,2026-05-01,REORDER
2026-04-22,Mushroom_g,0,0,728.77,0,2026-05-01,REORDER; SPOILAGE_WRITE_OFF
2026-04-22,Pesto_g,0,0,480.96,0,2026-05-02,REORDER; SPOILAGE_WRITE_OFF
2026-04-22,WhiteSauce_g,1000,0,797.81,0,2026-04-30,SPOILAGE_WRITE_OFF
2026-04-23,Bread_g,2430,1000,7163.01,0,2026-04-30,REORDER
2026-04-23,Chicken_g,0,0,13473.64,0,2026-05-02,REORDER; SPOILAGE_WRITE_OFF
2026-04-23,Lime_g,1000,0,691.51,0,2026-05-01,SPOILAGE_WRITE_OFF
2026-04-23,Mint_g,0,0,42.74,0,2026-05-03,REORDER; SPOILAGE_WRITE_OFF
2026-04-23,Mozzarella_g,13760,0,16356.82,0,,REORDER
2026-04-23,SauceOther_g,0,0,6047.34,0,2026-05-05,REORDER; SPOILAGE_WRITE_OFF
2026-04-23,Seafood_g,780,0,2937.64,0,2026-04-30,REORDER
2026-04-23,TomatoSauce_g,4410,0,5236.27,0,2026-05-01,REORDER
2026-04-23,WhiteSauce_g,360,0,797.81,0,2026-04-30,REORDER
2026-04-24,Bread_g,2000,0,7163.01,0,2026-04-30,REORDER; SPOILAGE_WRITE_OFF
2026-04-24,Egg_count,64,0,78.85,0,2026-05-10,REORDER
2026-04-24,Lime_g,675,0,691.51,0,2026-05-01,REORDER
2026-04-24,Milk_ml,13700,0,16142.47,0,2026-05-02,REORDER
2026-04-24,Onion_g,449,0,955.53,0,2026-05-03,REORDER
2026-04-24,Pork_g,6898.63,0,6933.7,0,2026-05-20,REORDER
2026-04-24,Potato_g,32004.11,0,37158.9,0,2026-05-20,REORDER
2026-04-24,TomatoSauce_g,3662,0,5236.27,0,2026-05-01,REORDER
2026-04-24,VegMix_g,3456,0,6644.66,0,2026-04-30,REORDER
2026-04-24,WhiteSauce_g,1000,0,797.81,0,2026-04-30,SPOILAGE_WRITE_OFF
2026-04-25,Beef_g,4370,0,4770.68,0,2026-04-30,REORDER
2026-04-25,Bread_g,1000,500,7163.01,0,2026-04-30,REORDER; SPOILAGE_WRITE_OFF
2026-04-25,Butter_g,1017.67,0,1195.07,0,2026-05-05,REORDER
2026-04-25,Mushroom_g,600,0,728.77,0,2026-05-01,REORDER
2026-04-25,Parmesan_g,341.92,0,248.77,81.92,2026-04-30,USE_FAST/DISCOUNT
2026-04-25,Seafood_g,1906,0,2937.64,0,2026-04-30,REORDER
2026-04-25,WhiteSauce_g,680,0,797.81,0,2026-04-30,REORDER
2026-04-26,Bread_g,0,1500,7163.01,0,2026-04-30,REORDER; SPOILAGE_WRITE_OFF
2026-04-26,Cream_ml,3020,0,4007.67,0,,REORDER
2026-04-26,Lime_g,360,0,691.51,0,2026-05-01,REORDER
2026-04-26,Mozzarella_g,14432,0,16356.82,0,,REORDER
2026-04-26,Parmesan_g,241.92,0,248.77,81.92,2026-04-30,REORDER; USE_FAST/DISCOUNT
2026-04-26,Pesto_g,452,0,480.96,0,2026-05-02,REORDER
2026-04-26,Salmon_g,5926.03,0,6139.73,0,2026-05-19,REORDER
2026-04-26,Seafood_g,3000,0,2937.64,0,2026-04-30,SPOILAGE_WRITE_OFF
2026-04-26,TomatoSauce_g,2384,0,5236.27,0,2026-05-01,REORDER
2026-04-26,WhiteSauce_g,1000,0,797.81,0,2026-04-30,SPOILAGE_WRITE_OFF
2026-04-27,Beef_g,8000,0,4770.68,0,2026-04-30,SPOILAGE_WRITE_OFF
2026-04-27,Bread_g,2370,2000,7163.01,1000,2026-04-30,REORDER; USE_FAST/DISCOUNT
2026-04-27,Chicken_g,9316,0,13473.64,0,2026-05-02,REORDER
2026-04-27,Garlic_g,0,0,218.99,0,2026-05-03,REORDER; SPOILAGE_WRITE_OFF
2026-04-27,Onion_g,900,0,955.53,0,2026-05-03,REORDER
2026-04-27,Parmesan_g,221.92,500,248.77,81.92,2026-04-30,USE_FAST/DISCOUNT
2026-04-27,Pita_g,1814.79,0,2012.05,0,2026-05-10,REORDER
2026-04-27,SauceOther_g,4691,0,6047.34,0,2026-05-05,REORDER
2026-04-27,Seafood_g,1276,0,2937.64,0,2026-04-30,REORDER
2026-04-27,WhiteSauce_g,360,0,797.81,0,2026-04-30,REORDER
2026-04-28,Bread_g,2740,1000,7163.01,1000,2026-04-30,REORDER; USE_FAST/DISCOUNT
2026-04-28,Chicken_g,24500,0,13473.64,0,2026-05-02,SPOILAGE_WRITE_OFF
2026-04-28,Egg_count,70,0,78.85,0,2026-05-10,REORDER
2026-04-28,Milk_ml,12200,0,16142.47,0,2026-05-02,REORDER
2026-04-28,Mint_g,0,0,42.74,0,2026-05-03,REORDER; SPOILAGE_WRITE_OFF
2026-04-28,Parmesan_g,621.92,0,248.77,81.92,2026-04-30,USE_FAST/DISCOUNT
2026-04-28,Seafood_g,3500,0,2937.64,0,2026-04-30,SPOILAGE_WRITE_OFF
2026-04-28,TomatoSauce_g,2430,0,5236.27,0,2026-05-01,REORDER
2026-04-28,VegMix_g,6050,0,6644.66,0,2026-04-30,REORDER
2026-04-28,WhiteSauce_g,1000,0,797.81,0,2026-04-30,SPOILAGE_WRITE_OFF
2026-04-29,Anchovy_g,365.41,0,380.14,0,2026-08-29,REORDER
2026-04-29,Beef_g,2690,0,4770.68,2690,2026-04-30,REORDER; USE_FAST/DISCOUNT
2026-04-29,Bread_g,2000,0,7163.01,1000,2026-04-30,REORDER; USE_FAST/DISCOUNT; SPOILAGE_WRITE_OFF
2026-04-29,Lime_g,340,0,691.51,0,2026-05-01,REORDER
2026-04-29,Mozzarella_g,16332,0,16356.82,0,,REORDER
2026-04-29,Mushroom_g,420,0,728.77,0,2026-05-01,REORDER
2026-04-29,Parmesan_g,581.92,0,248.77,81.92,2026-04-30,USE_FAST/DISCOUNT
2026-04-29,Seafood_g,2732,0,2937.64,2732,2026-04-30,REORDER; USE_FAST/DISCOUNT
2026-04-29,VegMix_g,13938,0,6644.66,2938,2026-04-30,USE_FAST/DISCOUNT
2026-04-29,WhiteSauce_g,520,0,797.81,520,2026-04-30,REORDER; USE_FAST/DISCOUNT